CustomerID,Monetary,MaxSale,MeanSale,E-Sale,TotItems,MaxItems,MeanItems,UniqueItems,MeanItemSale,Cat0,Cat1,Cat2,Labels
12347,711,711,711,4.76,319,319,319,31,3,186,133,0,2
12348,892,892,892,1.37,1254,1254,1254,13,7,1248,0,6,1
12352,144,144,144,1.56,26,26,26,5,12,12,9,5,1
12356,2271,2271,2271,4.39,1216,1216,1216,36,4,956,198,62,2
12359,1109,1109,1109,5.13,356,356,356,47,5,160,165,31,2
12360,1083,1083,1083,4.43,434,434,434,45,5,300,112,22,2
12362,479,479,479,4.36,229,229,229,27,3,126,100,3,1
12364,310,310,310,3.43,502,502,502,27,3,495,6,1,1
12370,1590,1590,1590,6.15,917,917,917,82,2,623,294,0,2
12372,399,399,399,3.65,224,224,224,20,4,120,102,2,1
12380,607,607,607,4.76,293,293,293,36,4,154,136,3,2
12381,147,147,147,1.51,92,92,92,7,12,72,18,2,1
12383,600,600,600,4.25,754,754,754,37,2,733,18,3,1
12388,431,431,431,3.98,204,204,204,19,3,126,78,0,1
12393,177,177,177,1.58,60,60,60,3,2,0,60,0,1
12395,346,346,346,2.28,528,528,528,12,4,502,22,4,0
12399,288,288,288,3.17,364,364,364,20,2,358,5,1,0
12407,226,226,226,2.89,215,215,215,15,3,204,10,1,1
12408,642,642,642,3.44,310,310,310,17,4,166,138,6,2
12412,514,514,514,4.07,358,358,358,28,2,248,108,2,1
12413,194,194,194,2.63,81,81,81,10,4,32,48,1,0
12414,153,153,153,0.91,145,145,145,7,10,144,0,1,0
12417,291,291,291,3.11,60,60,60,11,7,16,32,12,1
12421,157,157,157,2.07,104,104,104,11,5,78,25,1,0
12422,238,238,238,3.22,113,113,113,13,3,60,50,3,0
12423,237,237,237,3.07,188,188,188,16,3,174,11,3,0
12427,303,303,303,2.76,79,79,79,10,6,36,32,11,0
12428,1943,1943,1943,6.21,852,852,852,95,3,456,388,8,2
12429,1281,1281,1281,3.82,454,454,454,20,5,200,238,16,2
12431,358,358,358,3.6,107,107,107,14,4,60,35,12,1
12432,2862,2862,2862,4.96,1090,1090,1090,62,6,598,418,74,2
12433,1919,1919,1919,5.71,1852,1852,1852,73,2,1622,230,0,2
12437,150,150,150,1.59,207,207,207,10,3,206,0,1,0
12444,1870,1870,1870,6.01,582,582,582,90,5,304,232,46,2
12449,777,777,777,4.89,267,267,267,39,3,122,120,25,2
12451,2919,2919,2919,5.89,2334,2334,2334,101,3,1935,385,14,2
12455,1683,1683,1683,4.94,1522,1522,1522,41,2,1334,180,8,1
12456,940,940,940,4.4,445,445,445,41,5,350,61,34,2
12457,0,196,0,-0.0,0,33,0,1,5,0,0,0,1
12463,297,297,297,3.27,168,168,168,18,4,127,36,5,1
12464,149,149,149,1.32,15,15,15,3,10,0,6,9,0
12471,1982,1982,1982,4.81,1075,1075,1075,46,4,822,206,47,2
12472,1631,1631,1631,5.47,972,972,972,70,4,666,290,16,2
12473,672,672,672,4.12,557,557,557,34,4,478,72,7,2
12474,47,47,47,0.59,11,11,11,2,10,0,10,1,1
12476,12,12,12,0.9,2,2,2,2,6,0,1,1,2
12477,2221,2221,2221,5.52,728,728,728,57,3,176,534,18,2
12480,771,771,771,4.48,395,395,395,35,4,304,79,12,2
12481,159,159,159,2.61,85,85,85,10,5,60,22,3,1
12483,309,309,309,3.05,163,163,163,14,4,78,84,1,1
12484,738,738,738,5.43,327,327,327,55,4,202,117,8,2
12488,553,553,553,3.85,169,169,169,21,4,70,89,10,1
12490,864,864,864,4.78,548,548,548,43,3,359,180,9,1
12494,57,57,57,1.31,9,9,9,3,10,0,6,3,0
12498,247,247,247,3.33,69,69,69,13,5,12,55,2,0
12500,373,373,373,1.75,303,303,303,5,6,288,14,1,1
12502,617,617,617,4.43,171,171,171,31,5,82,72,17,2
12507,446,446,446,2.55,219,219,219,13,5,120,96,3,1
12517,766,766,766,6.6,420,420,420,125,3,283,134,3,1
12518,324,324,324,3.46,187,187,187,18,3,88,97,2,1
12520,246,246,246,3.15,128,128,128,17,5,98,22,8,1
12523,138,138,138,2.88,88,88,88,9,2,61,27,0,0
12524,1094,1094,1094,4.34,647,647,647,33,3,400,237,10,1
12526,520,520,520,4.26,318,318,318,29,3,212,104,2,1
12527,132,132,132,2.06,113,113,113,10,4,100,12,1,0
12528,493,493,493,4.26,281,281,281,31,5,219,51,11,1
12530,417,417,417,3.16,232,232,232,14,5,128,102,2,1
12539,1715,1715,1715,6.11,643,643,643,93,5,318,297,28,2
12540,881,881,881,3.41,300,300,300,20,6,180,91,29,2
12541,312,312,312,2.72,288,288,288,17,4,254,33,1,1
12553,277,277,277,2.28,169,169,169,10,3,82,86,1,1
12557,620,620,620,2.32,400,400,400,5,1,400,0,0,2
12560,697,697,697,4.34,290,290,290,28,4,104,178,8,2
12562,654,654,654,3.84,323,323,323,22,3,153,157,13,1
12567,1526,1526,1526,5.19,611,611,611,63,7,404,161,46,2
12569,348,348,348,2.61,115,115,115,10,4,76,32,7,0
12576,379,379,379,4.37,302,302,302,26,1,248,54,0,0
12577,195,195,195,5.78,134,134,134,67,2,107,27,0,0
12583,855,855,855,3.58,449,449,449,20,3,236,210,3,1
12584,463,463,463,3.85,84,84,84,18,8,12,65,7,0
12593,85,85,85,2.32,52,52,52,5,1,52,0,0,0
12594,341,341,341,2.56,145,145,145,12,5,76,67,2,1
12597,516,516,516,4.16,230,230,230,30,5,142,79,9,2
12598,298,298,298,2.77,285,285,285,16,3,254,30,1,1
12599,110,110,110,1.28,71,71,71,5,7,64,6,1,0
12600,76,76,76,0.46,31,31,31,2,9,0,30,1,0
12601,68,68,68,1.36,23,23,23,4,6,12,10,1,0
12609,287,287,287,3.08,223,223,223,16,4,164,57,2,1
12610,946,946,946,5.02,457,457,457,54,6,334,108,15,1
12613,803,803,803,4.92,485,485,485,45,3,346,136,3,2
12615,656,656,656,3.83,376,376,376,25,3,236,137,3,2
12619,205,205,205,2.04,44,44,44,5,8,24,0,20,1
12620,561,561,561,4.52,434,434,434,33,2,396,34,4,1
12621,464,464,464,3.16,227,227,227,14,4,144,81,2,2
12626,1096,1096,1096,5.19,412,412,412,53,5,216,168,28,2
12627,438,438,438,4.13,264,264,264,28,3,198,64,2,2
12628,215,215,215,2.78,147,147,147,13,4,117,29,1,0
12633,219,219,219,2.91,137,137,137,14,3,78,58,1,1
12637,1516,1516,1516,5.7,708,708,708,72,4,432,256,20,2
12640,764,764,764,4.96,246,246,246,42,5,108,118,20,1
12642,366,366,366,3.41,277,277,277,24,4,256,18,3,1
12643,202,202,202,0.97,122,122,122,4,6,96,24,2,1
12645,369,369,369,3.17,235,235,235,16,3,180,54,1,1
12647,286,286,286,3.55,79,79,79,16,7,42,30,7,1
12649,233,233,233,2.31,376,376,376,13,3,330,45,1,0
12654,171,171,171,2.88,64,64,64,11,6,24,36,4,0
12656,541,541,541,3.74,200,200,200,18,5,100,92,8,2
12657,618,618,618,4.24,259,259,259,28,4,139,102,18,1
12662,261,261,261,3.13,157,157,157,15,3,108,48,1,1
12664,890,890,890,1.11,218,218,218,4,21,0,216,2,1
12668,469,469,469,3.63,337,337,337,24,4,308,23,6,2
12669,1136,1136,1136,5.43,848,848,848,69,3,684,150,14,2
12670,608,608,608,3.88,273,273,273,23,4,144,120,9,2
12674,568,568,568,3.88,346,346,346,24,3,224,120,2,1
12676,509,509,509,2.03,250,250,250,12,7,171,78,1,0
12678,221,150,110,0.79,26,25,13,5,43,12,12,2,2
12679,794,794,794,4.93,333,333,333,42,5,176,144,13,0
12680,311,311,311,3.48,230,230,230,20,3,168,60,2,0
12681,1033,1033,1033,4.69,585,585,585,41,4,397,178,10,2
12682,336,336,336,3.39,132,132,132,16,4,78,52,2,1
12683,213,213,213,3.03,107,107,107,13,5,80,24,3,2
12684,179,179,179,1.74,85,85,85,6,6,72,12,1,1
12685,549,549,549,4.03,268,268,268,26,4,159,104,5,1
12691,180,180,180,1.81,65,65,65,5,7,36,28,1,0
12693,162,162,162,2.68,47,47,47,9,6,12,31,4,0
12695,85,85,85,1.52,14,14,14,3,5,0,8,6,0
12697,390,390,390,3.13,162,162,162,19,5,96,64,2,1
12700,1314,1314,1314,5.33,701,701,701,57,3,476,214,11,2
12704,198,198,198,1.27,81,81,81,5,10,24,56,1,0
12705,858,858,858,4.23,397,397,397,30,4,270,110,17,2
12708,196,196,196,3.15,89,89,89,14,4,58,30,1,0
12709,522,522,522,2.17,139,139,139,7,6,66,60,13,2
12710,71,71,71,0.83,61,61,61,4,6,60,0,1,1
12712,175,175,175,2.6,60,60,60,9,5,30,25,5,1
12714,968,968,968,4.9,753,753,753,53,4,634,112,7,2
12720,473,473,473,4.13,299,299,299,30,3,232,59,8,0
12721,286,286,286,3.31,129,129,129,15,4,72,56,1,1
12722,46,46,46,0.99,3,3,3,2,14,0,0,3,0
12723,265,265,265,4.44,188,188,188,35,3,144,39,5,0
12724,208,208,208,2.39,75,75,75,8,7,0,74,1,0
12726,170,170,170,1.15,333,333,333,6,3,332,0,1,1
12727,514,514,514,3.02,126,126,126,12,5,60,54,12,2
12728,200,200,200,3.06,73,73,73,12,5,32,40,1,0
12731,1071,1071,1071,3.29,418,418,418,16,4,322,88,8,2
12744,2053,2053,2053,3.79,1091,1091,1091,56,8,772,299,20,2
12747,358,358,358,2.62,108,108,108,7,3,48,60,0,1
12748,9,4,4,1.0,2,1,1,2,4,0,2,0,0
12749,1866,1866,1866,5.88,812,812,812,84,5,591,162,59,2
12754,45,45,45,4.86,37,37,37,37,1,31,6,0,2
12757,0,1241,0,-0.0,0,1,0,1,1241,0,0,0,2
12759,637,637,637,4.6,353,353,353,39,4,244,104,5,1
12766,1149,1149,1149,5.21,424,424,424,53,4,213,199,12,2
12775,214,214,214,2.93,113,113,113,12,5,92,18,3,0
12778,134,134,134,1.95,117,117,117,9,3,116,0,1,0
12779,248,248,248,2.51,140,140,140,8,2,104,32,4,1
12782,463,463,463,3.69,193,193,193,22,5,104,86,3,1
12783,222,222,222,2.89,89,89,89,13,5,34,54,1,1
12787,158,158,158,2.46,65,65,65,8,4,34,30,1,0
12798,1607,1607,1607,2.35,2256,2256,2256,6,0,1968,288,0,2
12808,129,129,129,1.65,53,53,53,7,8,20,32,1,0
12811,240,240,240,2.83,104,104,104,14,8,32,71,1,0
12820,170,170,170,3.18,146,146,146,11,1,108,38,0,0
12823,535,306,267,-0.0,70,40,35,1,7,0,70,0,1
12826,155,155,155,2.99,80,80,80,9,2,54,26,0,0
12827,111,111,111,1.98,47,47,47,5,2,32,15,0,0
12828,227,227,227,3.29,84,84,84,12,4,48,32,4,0
12830,400,400,400,0.9,1152,1152,1152,2,0,1152,0,0,2
12836,846,846,846,4.93,260,260,260,39,5,101,144,15,2
12839,402,402,402,4.2,271,271,271,22,2,226,45,0,1
12840,854,854,854,5.43,493,493,493,50,2,332,161,0,2
12841,294,294,294,4.22,186,186,186,24,3,138,48,0,0
12843,214,214,214,2.89,99,99,99,11,4,53,44,2,0
12845,65,65,65,3.98,21,21,21,21,2,10,9,2,0
12853,427,427,427,3.97,138,138,138,20,5,70,60,8,1
12854,389,389,389,4.66,162,162,162,34,4,92,63,7,1
12856,213,213,213,5.3,126,126,126,48,2,87,38,1,1
12867,362,362,362,5.19,377,377,377,53,2,332,45,0,2
12868,203,203,203,3.25,112,112,112,12,2,84,28,0,0
12877,150,150,150,2.82,170,170,170,14,3,164,4,2,0
12879,140,140,140,1.88,58,58,58,4,2,10,48,0,0
12883,291,291,291,3.97,68,68,68,19,7,12,50,6,0
12885,519,519,519,4.25,293,293,293,31,3,180,111,2,1
12891,246,204,123,0.99,700,600,350,2,0,700,0,0,0
12901,1086,780,543,-0.0,1560,1200,780,1,0,1560,0,0,2
12906,389,389,389,3.74,207,207,207,19,4,140,64,3,2
12909,278,278,278,3.46,167,167,167,16,2,140,24,3,1
12910,364,364,364,2.28,126,126,126,5,2,30,96,0,1
12912,616,616,616,2.92,232,232,232,9,3,64,156,12,1
12913,417,417,417,1.86,146,146,146,4,3,8,138,0,1
12916,847,847,847,4.55,325,325,325,31,4,130,188,7,2
12919,287,287,287,2.67,136,136,136,8,2,60,74,2,0
12921,322,322,322,3.82,140,140,140,15,2,36,104,0,1
12924,58,58,58,1.0,17,17,17,2,3,0,17,0,0
12928,392,392,392,3.81,250,250,250,17,2,212,38,0,1
12931,177,144,88,0.89,220,200,110,2,1,220,0,0,2
12933,110,110,110,2.59,65,65,65,7,2,52,13,0,0
12935,431,431,431,4.14,325,325,325,27,2,274,48,3,1
12936,798,798,798,4.8,434,434,434,33,2,272,162,0,0
12937,217,217,217,3.6,192,192,192,16,1,159,33,0,1
12939,3376,3376,3376,3.66,1536,1536,1536,15,1,792,744,0,2
12942,258,258,258,3.7,69,69,69,16,5,28,35,6,0
12947,304,304,304,3.51,184,184,184,17,3,132,48,4,0
12948,371,371,371,4.26,168,168,168,25,3,106,57,5,0
12949,1534,1534,1534,5.75,909,909,909,75,4,726,173,10,1
12950,1171,1171,1171,3.49,716,716,716,12,1,116,600,0,2
12951,312,312,312,3.58,172,172,172,18,3,81,90,1,0
12952,297,297,297,3.64,119,119,119,18,4,48,65,6,1
12955,460,460,460,2.81,250,250,250,8,2,156,94,0,1
12957,330,330,330,3.96,251,251,251,24,2,200,50,1,1
12963,365,365,365,3.66,172,172,172,16,3,84,88,0,0
12970,17,17,17,2.27,6,6,6,6,2,3,3,0,0
12971,45,45,45,2.28,84,84,84,5,0,84,0,0,0
12980,889,889,889,0.88,100,100,100,3,14,0,84,16,2
12989,270,202,135,4.19,79,49,39,24,2,39,40,0,1
12990,97,97,97,1.58,50,50,50,3,1,0,50,0,0
12993,102,102,102,2.88,64,64,64,8,1,40,24,0,0
12994,352,352,352,4.04,166,166,166,22,4,108,53,5,1
12997,305,305,305,3.68,115,115,115,15,2,42,73,0,1
12999,59,59,59,1.25,26,26,26,4,5,12,12,2,0
13000,201,201,201,3.16,77,77,77,11,3,24,53,0,0
13001,805,805,805,4.68,447,447,447,31,2,272,175,0,2
13003,119,60,59,1.74,79,48,39,4,2,70,9,0,0
13004,357,357,357,3.96,255,255,255,23,3,212,39,4,1
13012,377,377,377,3.84,165,165,165,19,3,68,94,3,0
13013,841,841,841,4.43,363,363,363,29,3,195,148,20,1
13014,515,515,515,3.05,146,146,146,11,6,96,28,22,1
13015,556,556,556,4.64,187,187,187,32,5,92,84,11,2
13016,425,425,425,3.88,315,315,315,28,4,252,60,3,0
13018,331,331,331,3.99,166,166,166,18,2,106,60,0,0
13021,157,157,157,2.62,57,57,57,7,3,24,33,0,0
13026,519,360,259,3.21,744,552,372,11,0,744,0,0,0
13027,1440,1440,1440,2.58,3600,3600,3600,6,0,3600,0,0,2
13029,773,390,386,1.16,92,62,46,6,8,30,20,42,1
13037,250,250,250,3.33,158,158,158,15,2,116,42,0,0
13038,395,395,395,3.68,186,186,186,15,2,120,66,0,1
13047,348,278,174,3.83,98,83,49,16,4,38,58,2,1
13048,477,477,477,5.03,347,347,347,39,2,254,93,0,1
13050,328,328,328,3.55,182,182,182,18,6,145,26,11,1
13055,795,795,795,5.08,606,606,606,50,3,507,96,3,1
13058,47,47,47,1.58,9,9,9,3,5,0,9,0,0
13064,203,203,203,2.79,60,60,60,8,4,9,49,2,0
13069,326,326,326,5.2,181,181,181,41,2,130,51,0,0
13077,313,313,313,3.32,303,303,303,14,2,237,66,0,0
13078,514,514,514,3.16,151,151,151,10,4,12,137,2,1
13079,53,30,26,-0.0,28,24,14,1,3,24,4,0,0
13081,2355,2355,2355,5.88,1338,1338,1338,73,2,606,730,2,2
13082,271,271,271,3.93,192,192,192,17,2,166,26,0,1
13089,734,734,734,0.52,192,192,192,2,6,144,0,48,2
13090,160,160,160,1.68,76,76,76,4,2,52,24,0,2
13092,185,185,185,2.67,31,31,31,7,6,0,18,13,0
13093,799,799,799,3.17,256,256,256,13,4,142,106,8,2
13094,223,223,223,1.57,192,192,192,3,1,192,0,0,0
13097,304,304,304,3.34,90,90,90,11,5,0,88,2,2
13098,648,648,648,2.93,211,211,211,12,4,157,34,20,2
13102,316,316,316,3.12,210,210,210,11,1,118,92,0,0
13104,213,111,106,1.45,132,96,66,3,2,96,36,0,0
13107,368,368,368,3.37,348,348,348,15,2,298,50,0,1
13110,271,271,271,4.12,70,70,70,20,3,3,67,0,0
13113,372,372,372,2.81,105,105,105,10,3,55,34,16,1
13115,878,878,878,4.73,621,621,621,55,4,514,106,1,2
13117,202,202,202,3.77,130,130,130,15,2,114,16,0,0
13118,190,190,190,3.51,97,97,97,14,3,68,29,0,0
13124,1256,1256,1256,5.33,930,930,930,61,3,796,126,8,2
13126,203,203,203,3.33,108,108,108,12,2,72,36,0,0
13131,324,324,324,3.36,128,128,128,14,4,80,34,14,1
13134,500,500,500,4.28,162,162,162,24,4,52,100,10,1
13136,533,533,533,4.32,335,335,335,29,3,227,100,8,1
13137,645,645,645,6.54,392,392,392,114,2,281,111,0,1
13138,193,193,193,3.4,125,125,125,14,2,100,25,0,0
13139,409,409,409,2.32,210,210,210,5,1,0,210,0,2
13140,159,159,159,3.59,75,75,75,15,2,55,20,0,0
13141,215,215,215,3.04,178,178,178,15,3,122,54,2,1
13145,413,295,206,0.12,25,24,12,2,149,0,24,1,0
13147,356,237,178,-0.0,72,48,36,1,4,0,72,0,0
13148,309,309,309,3.72,178,178,178,18,3,138,38,2,1
13149,376,376,376,3.54,276,276,276,18,4,228,38,10,1
13155,379,379,379,5.27,168,168,168,51,3,104,61,3,0
13157,197,197,197,3.36,190,190,190,11,1,190,0,0,1
13158,256,256,256,4.02,135,135,135,19,2,96,39,0,1
13159,282,282,282,4.22,252,252,252,23,1,226,26,0,1
13162,548,548,548,3.93,453,453,453,22,2,370,83,0,1
13167,174,174,174,3.88,80,80,80,23,4,50,25,5,0
13168,632,632,632,5.72,365,365,365,71,3,256,105,4,1
13171,140,140,140,4.19,53,53,53,23,4,31,21,1,0
13174,1415,1415,1415,6.15,700,700,700,122,6,428,259,13,2
13178,710,710,710,4.85,388,388,388,32,2,206,182,0,1
13183,443,443,443,2.66,190,190,190,8,3,60,130,0,1
13184,117,117,117,3.11,77,77,77,13,2,57,19,1,0
13186,988,988,988,5.42,360,360,360,51,3,128,231,1,1
13196,512,512,512,3.9,320,320,320,34,5,229,88,3,1
13198,384,384,384,4.08,270,270,270,24,3,200,69,1,2
13199,468,468,468,1.66,452,452,452,4,2,420,32,0,0
13200,319,319,319,3.51,249,249,249,14,1,195,54,0,0
13203,396,396,396,4.22,330,330,330,25,2,250,80,0,0
13208,168,168,168,4.17,157,157,157,26,1,140,17,0,0
13209,318,318,318,3.27,117,117,117,13,5,60,50,7,2
13211,110,110,110,0.94,46,46,46,2,2,6,40,0,1
13212,216,216,216,5.16,78,78,78,46,4,45,27,6,0
13213,412,412,412,3.6,153,153,153,18,6,90,56,7,1
13217,81,85,40,-0.0,96,100,48,1,0,96,0,0,0
13220,476,476,476,3.44,96,96,96,15,5,27,44,25,0
13225,1206,1206,1206,1.98,864,864,864,4,1,864,0,0,2
13230,93,93,93,3.38,33,33,33,13,3,14,19,0,0
13232,169,169,169,4.67,105,105,105,34,3,77,24,4,0
13238,91,91,91,1.84,33,33,33,5,8,0,30,3,0
13240,224,224,224,4.08,131,131,131,21,2,69,61,1,0
13242,166,166,166,3.0,80,80,80,8,2,0,80,0,0
13246,336,336,336,4.91,294,294,294,35,1,270,24,0,1
13247,305,305,305,3.44,203,203,203,14,2,144,59,0,0
13249,291,291,291,0.98,240,240,240,2,1,240,0,0,0
13258,224,224,224,3.27,82,82,82,12,3,30,52,0,0
13263,161,161,161,4.81,81,81,81,36,3,59,21,1,0
13265,817,817,817,4.22,720,720,720,28,1,716,4,0,1
13266,302,302,302,3.93,401,401,401,19,1,377,24,0,1
13267,328,328,328,3.44,145,145,145,15,4,80,59,6,0
13268,413,413,413,4.42,461,461,461,56,3,427,33,1,0
13269,351,351,351,3.16,197,197,197,12,2,72,121,4,1
13277,75,75,75,1.0,46,46,46,2,1,46,0,0,0
13280,392,392,392,4.84,343,343,343,41,2,297,45,1,0
13282,344,344,344,3.66,84,84,84,14,4,0,78,6,1
13285,796,796,796,5.56,540,540,540,55,2,384,156,0,2
13297,323,323,323,3.17,124,124,124,10,2,36,88,0,1
13301,153,153,153,4.2,94,94,94,21,2,74,20,0,0
13305,136,136,136,2.26,132,132,132,5,1,132,0,0,0
13308,814,814,814,4.46,519,519,519,26,3,360,151,8,1
13309,234,234,234,3.17,316,316,316,16,2,306,10,0,0
13310,410,410,410,4.29,234,234,234,27,3,170,62,2,1
13313,307,307,307,3.94,171,171,171,17,2,72,99,0,1
13314,89,89,89,2.53,15,15,15,6,6,0,13,2,0
13316,1514,1514,1514,3.7,744,744,744,17,2,354,388,2,2
13317,205,205,205,3.06,78,78,78,12,5,24,53,1,1
13318,302,302,302,3.24,176,176,176,13,2,122,50,4,0
13319,670,670,670,4.47,260,260,260,27,4,120,139,1,1
13320,472,472,472,4.84,361,361,361,34,2,280,81,0,1
13323,157,157,157,2.32,33,33,33,5,4,0,33,0,0
13324,650,650,650,1.93,210,210,210,5,4,96,98,16,2
13327,685,685,685,3.98,240,240,240,18,3,24,216,0,1
13330,335,335,335,3.54,198,198,198,13,2,122,76,0,1
13334,1071,1071,1071,6.06,514,514,514,84,3,259,249,6,2
13340,810,810,810,3.81,703,703,703,17,2,560,143,0,2
13344,565,565,565,4.63,258,258,258,32,4,140,113,5,2
13362,812,812,812,5.37,336,336,336,52,4,180,148,8,2
13373,1067,1067,1067,5.38,486,486,486,56,4,354,114,18,2
13376,249,249,249,2.25,137,137,137,14,6,106,30,1,1
13379,299,299,299,4.72,309,309,309,44,2,279,25,5,0
13381,416,416,416,4.12,267,267,267,24,2,224,37,6,2
13384,583,583,583,4.22,396,396,396,20,1,326,70,0,2
13389,257,257,257,3.75,115,115,115,18,5,68,42,5,0
13394,313,313,313,3.68,212,212,212,16,2,144,68,0,1
13397,301,301,301,2.69,103,103,103,7,3,36,67,0,1
13405,160,160,160,2.37,37,37,37,6,5,0,35,2,0
13408,1024,1024,1024,3.26,544,544,544,11,2,92,452,0,1
13410,250,250,250,2.67,140,140,140,8,2,96,44,0,0
13414,857,467,428,1.38,1206,606,603,3,2,1200,6,0,1
13418,610,610,610,4.19,228,228,228,22,3,102,122,4,1
13425,401,401,401,4.21,282,282,282,27,2,247,31,4,1
13426,336,336,336,3.01,142,142,142,9,2,64,78,0,1
13427,214,214,214,2.87,130,130,130,9,1,108,22,0,0
13429,330,330,330,4.17,620,620,620,24,0,588,32,0,0
13435,443,443,443,3.75,410,410,410,21,3,357,49,4,1
13437,149,149,149,2.57,49,49,49,8,7,24,22,3,1
13447,223,223,223,3.31,183,183,183,16,3,162,19,2,1
13448,426,426,426,3.82,150,150,150,17,3,48,96,6,2
13450,440,440,440,3.45,424,424,424,14,1,396,28,0,1
13451,610,610,610,6.28,429,429,429,107,2,336,89,4,2
13456,207,207,207,3.08,100,100,100,13,4,72,22,6,0
13458,1185,1185,1185,4.56,506,506,506,30,3,264,236,6,2
13461,560,560,560,3.26,334,334,334,10,1,100,234,0,1
13468,308,308,308,3.84,99,99,99,18,5,41,52,6,0
13471,892,892,892,6.22,532,532,532,114,3,381,138,13,2
13475,153,153,153,2.72,78,78,78,7,1,48,30,0,1
13477,90,90,90,1.9,48,48,48,4,2,12,36,0,0
13481,665,665,665,4.88,471,471,471,43,2,327,142,2,1
13486,617,617,617,4.63,389,389,389,37,3,314,67,8,1
13487,193,193,193,3.08,85,85,85,11,4,48,35,2,0
13488,1381,1381,1381,5.13,516,516,516,45,3,284,196,36,2
13489,77,77,77,2.29,64,64,64,6,1,60,4,0,0
13491,98,98,98,2.49,36,36,36,7,4,12,23,1,0
13492,360,360,360,3.37,152,152,152,13,4,120,32,0,1
13495,510,510,510,3.6,209,209,209,14,2,78,131,0,1
13499,158,158,158,2.84,121,121,121,9,2,88,33,0,0
13500,342,342,342,3.59,192,192,192,18,4,144,42,6,1
13502,114,114,114,1.65,60,60,60,4,2,48,12,0,0
13505,1009,1009,1009,4.93,489,489,489,54,6,346,130,13,2
13507,386,386,386,3.93,172,172,172,20,5,132,30,10,2
13509,40,40,40,1.0,32,32,32,2,1,32,0,0,0
13510,312,312,312,4.03,322,322,322,23,2,259,63,0,1
13515,203,203,203,3.02,180,180,180,13,2,156,24,0,0
13516,146,146,146,2.63,56,56,56,7,3,22,34,0,1
13517,1101,1101,1101,5.74,715,715,715,76,3,523,188,4,2
13520,303,303,303,1.39,110,110,110,6,10,76,32,2,2
13521,436,436,436,6.21,253,253,253,116,3,179,67,7,1
13523,566,566,566,4.43,365,365,365,30,3,276,83,6,2
13524,159,159,159,2.98,100,100,100,9,2,72,28,0,0
13527,110,110,110,2.26,31,31,31,5,3,0,31,0,1
13533,128,128,128,4.93,96,96,96,39,2,86,10,0,0
13534,253,253,253,3.17,130,130,130,9,1,0,130,0,0
13536,659,659,659,4.69,336,336,336,35,4,195,135,6,1
13538,166,166,166,1.58,24,24,24,3,7,0,24,0,0
13539,164,164,164,2.9,134,134,134,11,2,108,26,0,0
13546,188,188,188,4.19,109,109,109,26,2,79,28,2,0
13549,223,223,223,3.32,120,120,120,11,2,80,40,0,0
13552,313,313,313,2.81,74,74,74,8,4,12,58,4,1
13555,976,976,976,4.56,405,405,405,30,4,136,265,4,2
13558,201,201,201,5.23,126,126,126,53,3,98,25,3,0
13562,606,606,606,4.42,294,294,294,29,2,156,138,0,2
13564,540,540,540,4.87,256,256,256,40,4,143,101,12,2
13571,213,213,213,5.04,201,201,201,38,1,149,52,0,0
13575,88,88,88,2.23,33,33,33,5,3,12,21,0,0
13576,349,349,349,3.25,108,108,108,11,2,7,101,0,1
13577,465,465,465,4.23,206,206,206,26,4,60,145,1,1
13588,345,345,345,3.9,530,530,530,23,1,512,18,0,0
13590,301,301,301,2.85,338,338,338,8,1,328,10,0,1
13591,462,462,462,4.21,128,128,128,23,5,24,89,15,1
13592,76,76,76,2.15,30,30,30,6,4,16,13,1,0
13593,447,447,447,4.24,147,147,147,22,4,12,130,5,1
13599,253,253,253,3.38,173,173,173,13,2,108,65,0,0
13606,70,70,70,1.45,114,114,114,3,0,114,0,0,0
13610,239,239,239,4.77,107,107,107,38,3,77,26,4,0
13611,303,303,303,3.74,183,183,183,15,2,120,63,0,1
13614,205,205,205,2.9,25,25,25,9,7,0,18,7,1
13617,234,234,234,3.53,75,75,75,15,4,26,41,8,0
13623,156,156,156,3.33,61,61,61,15,4,42,12,7,0
13627,311,311,311,3.91,197,197,197,20,2,152,45,0,1
13629,821,821,821,2.32,450,450,450,5,1,0,450,0,2
13630,299,299,299,3.39,140,140,140,13,2,70,64,6,0
13631,132,80,66,0.93,27,20,13,2,5,0,27,0,0
13632,351,351,351,3.99,141,141,141,19,3,68,73,0,1
13634,362,362,362,4.77,127,127,127,34,3,63,63,1,1
13636,249,249,249,3.63,153,153,153,16,3,114,39,0,0
13637,422,422,422,5.36,215,215,215,60,3,148,63,4,0
13643,171,171,171,2.63,66,66,66,8,4,10,50,6,0
13644,851,851,851,5.0,659,659,659,48,3,582,75,2,2
13647,424,424,424,3.93,267,267,267,23,4,207,54,6,1
13650,372,372,372,3.92,134,134,134,19,4,52,76,6,1
13652,308,308,308,3.95,112,112,112,18,3,30,82,0,1
13654,374,374,374,3.64,276,276,276,20,3,248,26,2,1
13658,933,933,933,4.14,300,300,300,32,8,120,152,28,1
13662,227,227,227,3.44,175,175,175,17,3,145,24,6,1
13666,43,43,43,2.72,13,13,13,7,3,0,13,0,0
13668,177,177,177,3.59,66,66,66,14,3,4,62,0,1
13680,871,871,871,5.08,526,526,526,49,2,280,246,0,2
13681,327,327,327,4.06,152,152,152,20,3,103,49,0,0
13685,5,5,5,1.87,4,4,4,4,1,2,2,0,1
13692,856,856,856,3.33,734,734,734,31,5,557,172,5,1
13694,842,842,842,2.24,1004,1004,1004,6,1,896,108,0,2
13695,381,381,381,3.55,260,260,260,14,2,228,32,0,0
13700,120,120,120,3.3,190,190,190,17,2,183,6,1,0
13704,164,164,164,2.8,90,90,90,11,5,58,30,2,0
13705,318,318,318,0.77,103,103,103,10,25,88,14,1,0
13709,474,474,474,4.35,303,303,303,30,4,255,42,6,1
13715,272,272,272,3.69,107,107,107,15,3,44,63,0,0
13717,298,298,298,3.87,375,375,375,21,2,358,17,0,0
13719,132,132,132,2.19,78,78,78,6,2,72,6,0,0
13720,266,266,266,3.79,204,204,204,17,1,192,12,0,0
13722,1463,1463,1463,4.91,958,958,958,46,3,711,212,35,2
13725,283,147,141,2.95,114,98,57,11,3,86,12,16,0
13728,158,158,158,2.98,38,38,38,9,5,24,12,2,0
13735,935,935,935,5.22,505,505,505,59,5,314,177,14,2
13741,162,162,162,2.62,76,76,76,8,3,36,36,4,0
13742,469,469,469,5.94,278,278,278,89,4,202,65,11,0
13743,141,141,141,2.42,156,156,156,6,0,156,0,0,0
13748,351,204,175,1.8,139,80,69,5,4,12,126,1,0
13750,363,363,363,2.55,144,144,144,7,3,12,132,0,1
13752,298,298,298,3.66,230,230,230,25,3,199,26,5,0
13755,107,107,107,0.96,18,18,18,2,6,0,18,0,0
13756,532,532,532,1.0,288,288,288,2,1,0,288,0,1
13758,362,362,362,3.77,137,137,137,17,4,72,61,4,1
13764,499,499,499,5.63,282,282,282,69,4,200,73,9,1
13767,507,507,507,3.59,260,260,260,14,2,104,156,0,1
13769,322,322,322,3.22,122,122,122,10,2,24,98,0,0
13771,593,593,593,4.09,231,231,231,21,4,92,138,1,2
13772,457,457,457,5.58,223,223,223,67,4,146,72,5,1
13777,1552,1552,1552,2.84,858,858,858,8,2,610,248,0,2
13782,191,191,191,4.84,108,108,108,36,2,71,35,2,0
13784,216,155,108,-0.0,576,432,288,1,0,576,0,0,0
13798,405,408,202,-0.0,159,160,79,1,2,0,159,0,2
13802,969,969,969,3.68,690,690,690,20,1,608,82,0,2
13804,723,723,723,4.82,417,417,417,41,4,336,69,12,1
13808,573,573,573,4.22,216,216,216,27,4,128,72,16,1
13810,653,653,653,3.77,179,179,179,20,6,60,104,15,1
13811,258,258,258,2.5,29,29,29,6,13,0,0,29,0
13812,139,139,139,2.29,67,67,67,8,4,48,18,1,0
13813,385,385,385,3.49,177,177,177,17,5,122,46,9,1
13815,1012,1012,1012,5.27,608,608,608,53,3,410,193,5,2
13819,408,408,408,2.69,546,546,546,13,3,544,0,2,1
13824,442,442,442,3.24,292,292,292,11,2,240,52,0,1
13827,112,112,112,4.37,32,32,32,28,3,16,13,3,0
13831,408,408,408,1.0,160,160,160,2,2,0,160,0,1
13835,208,208,208,2.85,134,134,134,13,3,104,29,1,0
13838,238,238,238,5.33,83,83,83,48,4,40,40,3,0
13842,310,310,310,3.86,163,163,163,20,3,123,36,4,1
13846,411,411,411,4.35,234,234,234,28,3,160,70,4,0
13848,935,615,467,1.55,2700,1700,1350,3,0,2700,0,0,1
13851,246,246,246,3.85,150,150,150,17,2,94,56,0,2
13854,309,309,309,1.27,68,68,68,3,6,40,12,16,1
13856,94,94,94,2.79,104,104,104,7,1,104,0,0,0
13860,319,319,319,3.71,223,223,223,20,3,154,65,4,0
13862,253,253,253,3.66,169,169,169,15,2,126,43,0,0
13865,123,123,123,2.34,42,42,42,7,4,24,15,3,0
13867,138,138,138,2.78,31,31,31,8,6,12,15,4,1
13869,323,323,323,3.99,156,156,156,21,3,106,44,6,2
13870,544,544,544,4.48,384,384,384,34,3,301,75,8,1
13871,401,401,401,3.82,186,186,186,17,3,108,78,0,1
13873,121,121,121,2.64,29,29,29,7,5,0,25,4,0
13875,343,343,343,3.08,168,168,168,12,2,116,52,0,1
13880,97,97,97,2.37,54,54,54,6,1,36,18,0,0
13881,1025,1025,1025,3.25,706,706,706,13,2,528,178,0,2
13882,192,192,192,3.26,84,84,84,12,3,60,18,6,0
13883,980,980,980,5.09,457,457,457,46,4,264,180,13,1
13884,138,138,138,2.63,49,49,49,7,3,12,37,0,0
13890,190,190,190,3.3,93,93,93,11,2,48,45,0,0
13892,341,341,341,4.09,399,399,399,21,0,370,29,0,0
13894,160,160,160,3.02,105,105,105,10,2,90,15,0,0
13895,973,973,973,4.89,511,511,511,38,3,294,213,4,2
13900,357,357,357,3.59,154,154,154,16,4,66,87,1,0
13901,214,214,214,2.37,64,64,64,11,13,48,11,5,2
13908,630,630,630,4.14,361,361,361,24,3,250,106,5,2
13911,223,223,223,3.61,122,122,122,15,2,78,44,0,0
13924,172,172,172,2.85,123,123,123,10,3,96,27,0,1
13925,380,380,380,3.88,212,212,212,25,4,168,40,4,0
13928,104,104,104,2.16,20,20,20,5,7,0,16,4,0
13939,184,184,184,3.1,202,202,202,12,1,186,16,0,0
13940,225,225,225,3.3,136,136,136,14,2,108,22,6,0
13941,1095,1095,1095,3.1,644,644,644,11,2,372,272,0,2
13946,209,209,209,1.84,95,95,95,4,2,36,59,0,0
13949,302,302,302,3.81,257,257,257,19,1,218,39,0,1
13950,179,179,179,1.93,81,81,81,7,6,72,3,6,0
13951,212,212,212,2.96,140,140,140,12,2,108,30,2,0
13953,911,500,455,2.5,676,400,338,7,2,636,40,0,1
13956,119,119,119,3.89,58,58,58,21,4,43,12,3,0
13959,214,214,214,3.54,118,118,118,16,2,82,31,5,0
13963,151,151,151,2.66,54,54,54,7,3,24,30,0,0
13969,317,317,317,4.47,133,133,133,25,2,40,93,0,1
13971,333,333,333,3.43,260,260,260,16,2,212,46,2,1
13975,384,384,384,5.67,322,322,322,74,2,254,64,4,1
13982,428,428,428,4.26,208,208,208,23,3,114,94,0,1
13983,329,329,329,3.27,220,220,220,15,2,159,57,4,0
13984,154,154,154,2.15,120,120,120,5,1,96,24,0,0
13985,393,393,393,4.24,190,190,190,20,2,48,142,0,1
13988,631,631,631,4.8,426,426,426,43,3,336,84,6,2
13991,126,126,126,2.63,83,83,83,7,1,75,8,0,0
13993,323,323,323,3.85,120,120,120,18,4,46,74,0,1
13994,808,808,808,5.63,378,378,378,64,4,249,121,8,1
13995,408,408,408,4.31,341,341,341,28,2,286,53,2,0
13999,302,302,302,3.9,265,265,265,17,1,221,44,0,1
14001,301,301,301,2.86,94,94,94,9,3,16,64,14,2
14004,241,241,241,2.89,44,44,44,8,6,0,28,16,2
14005,144,144,144,1.28,270,270,270,8,4,268,0,2,2
14006,304,304,304,2.78,236,236,236,7,1,236,0,0,1
14013,155,155,155,3.15,114,114,114,11,2,84,30,0,0
14016,753,753,753,3.67,374,374,374,39,10,292,72,10,2
14019,416,416,416,3.51,320,320,320,17,3,306,13,1,1
14021,198,198,198,1.15,54,54,54,3,7,0,48,6,0
14030,670,670,670,2.52,96,96,96,26,29,71,16,9,0
14031,1714,1714,1714,4.45,531,531,531,25,4,202,313,16,2
14032,303,303,303,3.47,176,176,176,14,2,108,66,2,0
14034,455,455,455,3.67,294,294,294,23,4,261,29,4,0
14035,301,301,301,3.33,168,168,168,11,2,140,28,0,0
14038,716,716,716,5.3,501,501,501,45,1,361,140,0,1
14040,203,203,203,1.72,71,71,71,5,7,0,65,6,1
14044,173,173,173,4.52,75,75,75,54,5,55,19,1,0
14045,1009,682,504,1.35,340,212,170,3,4,80,224,36,1
14047,286,286,286,3.29,108,108,108,12,5,48,49,11,0
14049,1031,1031,1031,5.64,767,767,767,108,6,608,156,3,2
14051,623,623,623,3.5,214,214,214,14,3,72,138,4,2
14056,598,598,598,6.32,372,372,372,115,3,254,117,1,1
14057,632,632,632,4.76,751,751,751,43,2,723,25,3,1
14060,339,339,339,2.88,504,504,504,8,0,504,0,0,1
14062,966,966,966,4.0,712,712,712,21,2,540,166,6,2
14064,375,375,375,2.74,906,906,906,8,1,888,18,0,0
14071,225,225,225,3.67,200,200,200,20,1,158,42,0,0
14075,307,307,307,3.49,270,270,270,18,2,242,28,0,1
14077,82,82,82,2.15,20,20,20,6,4,2,13,5,0
14078,136,136,136,3.07,29,29,29,13,4,11,16,2,0
14083,309,309,309,5.5,179,179,179,62,4,124,52,3,0
14085,308,308,308,3.44,106,106,106,12,2,11,95,0,0
14092,250,250,250,3.56,95,95,95,13,3,36,59,0,0
14099,383,383,383,4.76,411,411,411,40,2,343,65,3,0
14101,751,751,751,1.28,664,664,664,3,1,464,200,0,2
14102,349,349,349,3.68,254,254,254,17,2,241,13,0,0
14107,363,363,363,3.45,268,268,268,16,2,232,36,0,1
14110,797,797,797,4.69,402,402,402,29,2,192,210,0,1
14111,48,48,48,0.52,18,18,18,2,3,12,6,0,0
14112,748,748,748,4.98,476,476,476,39,2,314,160,2,1
14113,433,433,433,1.0,102,102,102,2,4,0,102,0,1
14116,327,327,327,3.94,151,151,151,19,3,100,49,2,0
14121,771,771,771,4.88,694,694,694,39,2,526,166,2,2
14125,1295,1295,1295,5.63,972,972,972,84,3,795,165,12,2
14126,323,260,161,3.06,169,119,84,11,4,112,56,1,0
14127,314,314,314,3.9,161,161,161,20,2,108,53,0,0
14129,358,358,358,3.83,164,164,164,16,2,68,96,0,0
14132,301,301,301,3.62,170,170,170,14,2,108,62,0,1
14133,318,318,318,2.88,152,152,152,16,6,108,39,5,0
14135,485,485,485,4.14,741,741,741,23,1,720,21,0,1
14141,226,226,226,3.22,77,77,77,10,2,12,65,0,0
14145,1128,1128,1128,1.58,228,228,228,3,4,0,228,0,2
14146,1241,1241,1241,4.57,551,551,551,35,4,322,217,12,2
14159,193,193,193,5.42,114,114,114,50,2,71,43,0,1
14161,283,283,283,4.21,128,128,128,26,4,76,49,3,1
14163,411,411,411,3.77,153,153,153,17,4,111,34,8,2
14167,110,110,110,2.99,33,33,33,9,4,10,22,1,0
14173,114,114,114,3.02,40,40,40,11,5,12,26,2,0
14175,322,322,322,3.37,146,146,146,16,3,90,46,10,2
14176,159,159,159,2.87,61,61,61,9,4,24,35,2,0
14177,183,183,183,3.54,104,104,104,18,4,77,23,4,0
14178,420,420,420,5.22,508,508,508,66,2,440,66,2,0
14180,201,201,201,3.4,31,31,31,12,8,0,23,8,0
14188,398,398,398,3.22,223,223,223,12,2,79,140,4,1
14189,311,311,311,2.65,254,254,254,9,2,228,24,2,1
14191,294,294,294,3.99,296,296,296,22,1,254,42,0,1
14194,780,780,780,5.06,535,535,535,46,3,372,160,3,1
14198,183,183,183,3.2,104,104,104,12,3,74,30,0,0
14201,67,67,67,1.76,132,132,132,4,1,132,0,0,0
14209,420,420,420,4.02,84,84,84,19,6,0,63,21,1
14210,304,304,304,3.58,93,93,93,15,6,0,86,7,1
14211,145,145,145,2.13,156,156,156,5,1,150,6,0,0
14214,76,76,76,2.04,53,53,53,5,2,42,11,0,0
14215,166,166,166,2.29,104,104,104,6,2,72,32,0,1
14216,433,433,433,3.35,69,69,69,12,6,0,46,23,1
14217,118,118,118,2.43,26,26,26,7,8,12,10,4,0
14221,789,759,394,4.74,470,446,235,39,4,404,60,6,1
14223,304,304,304,3.81,130,130,130,18,4,84,44,2,1
14224,244,244,244,4.56,99,99,99,39,5,60,32,7,0
14226,983,983,983,3.89,710,710,710,23,3,644,60,6,1
14227,736,736,736,4.96,385,385,385,46,3,250,128,7,1
14229,305,305,305,2.23,108,108,108,6,5,72,33,3,1
14231,308,308,308,3.88,117,117,117,19,4,50,62,5,1
14232,693,693,693,5.03,568,568,568,47,2,448,117,3,1
14233,100,100,100,2.36,47,47,47,6,2,30,17,0,1
14234,209,209,209,3.37,215,215,215,15,1,181,34,0,0
14235,850,850,850,4.56,576,576,576,30,2,417,159,0,2
14239,120,120,120,2.58,60,60,60,6,1,10,50,0,0
14243,213,213,213,2.83,56,56,56,8,4,0,56,0,0
14246,520,520,520,4.42,267,267,267,26,2,176,87,4,1
14250,435,435,435,4.28,196,196,196,22,3,92,104,0,2
14251,482,482,482,3.09,224,224,224,10,2,108,116,0,2
14257,620,620,620,4.94,424,424,424,39,2,323,99,2,2
14258,1165,1165,1165,2.73,724,724,724,9,2,416,308,0,2
14262,304,304,304,4.22,248,248,248,20,1,236,12,0,1
14267,418,418,418,3.48,140,140,140,15,4,76,50,14,1
14273,105,105,105,2.58,55,55,55,6,1,20,35,0,0
14276,399,399,399,4.11,232,232,232,21,2,134,96,2,1
14277,1637,1637,1637,5.65,859,859,859,71,5,603,230,26,2
14282,571,571,571,3.64,300,300,300,13,1,60,240,0,0
14285,300,300,300,2.12,140,140,140,5,2,48,92,0,1
14286,642,642,642,4.91,835,835,835,47,2,786,49,0,2
14287,93,93,93,2.06,45,45,45,5,2,22,23,0,0
14289,78,78,78,2.21,14,14,14,5,5,0,6,8,0
14290,777,777,777,3.75,220,220,220,23,7,48,171,1,1
14291,610,610,610,4.87,526,526,526,43,2,426,98,2,1
14292,463,463,463,3.44,228,228,228,19,4,168,43,17,1
14293,364,364,364,3.66,172,172,172,15,2,72,100,0,0
14297,232,232,232,3.1,78,78,78,11,3,20,50,8,1
14298,2594,2594,2594,5.87,2552,2552,2552,89,2,2168,376,8,2
14299,429,429,429,1.96,92,92,92,5,4,12,56,24,1
14305,1029,1029,1029,5.6,580,580,580,61,3,412,166,2,2
14307,783,783,783,5.14,558,558,558,48,2,439,119,0,1
14309,147,147,147,2.08,103,103,103,6,5,96,3,4,0
14312,126,126,126,2.83,78,78,78,8,2,68,10,0,0
14315,325,325,325,3.01,128,128,128,10,3,72,56,0,1
14321,300,300,300,3.66,509,509,509,29,3,476,28,5,1
14329,1547,1547,1547,5.81,740,740,740,76,3,482,246,12,2
14332,466,466,466,3.46,242,242,242,12,1,134,108,0,0
14334,320,320,320,3.75,225,225,225,20,3,204,17,4,1
14336,230,230,230,2.92,301,301,301,14,2,288,9,4,1
14341,321,321,321,3.65,237,237,237,18,3,150,86,1,0
14342,309,309,309,2.05,102,102,102,7,4,62,28,12,0
14344,322,322,322,3.07,120,120,120,12,4,60,53,7,0
14352,614,614,614,4.05,316,316,316,27,5,244,60,12,0
14359,483,483,483,4.46,189,189,189,28,4,96,84,9,1
14360,624,624,624,3.97,211,211,211,23,5,84,99,28,1
14364,645,645,645,3.03,352,352,352,9,2,24,328,0,1
14367,633,633,633,4.24,333,333,333,23,1,142,191,0,2
14383,329,329,329,3.42,222,222,222,17,3,176,40,6,1
14385,55,55,55,1.78,54,54,54,4,1,44,10,0,0
14387,840,840,840,5.35,388,388,388,56,3,165,211,12,2
14388,312,312,312,3.92,170,170,170,21,3,102,66,2,1
14390,223,223,223,4.43,74,74,74,26,3,21,51,2,1
14395,308,308,308,4.36,174,174,174,27,3,110,62,2,1
14397,98,98,98,1.28,64,64,64,4,2,60,4,0,0
14401,247,247,247,3.46,370,370,370,15,1,364,6,0,1
14403,994,790,497,3.39,290,274,145,14,5,148,112,30,1
14404,133,133,133,4.13,57,57,57,25,3,44,12,1,0
14407,645,645,645,3.26,282,282,282,16,3,160,114,8,1
14408,781,781,781,4.86,575,575,575,42,2,461,111,3,1
14409,328,177,164,-0.0,168,96,84,1,1,0,168,0,1
14410,215,215,215,5.72,129,129,129,64,2,74,54,1,0
14414,217,217,217,2.33,146,146,146,8,3,126,16,4,0
14415,875,875,875,5.94,463,463,463,80,4,286,173,4,1
14418,897,897,897,5.27,789,789,789,61,3,628,151,10,2
14419,124,124,124,4.1,55,55,55,20,2,31,24,0,0
14422,401,401,401,3.96,175,175,175,21,4,84,83,8,2
14426,600,600,600,3.05,530,530,530,14,2,348,182,0,1
14428,203,203,203,4.21,56,56,56,24,5,24,28,4,0
14432,109,109,109,1.92,60,60,60,4,1,48,12,0,1
14434,310,310,310,1.35,92,92,92,3,4,48,44,0,0
14440,656,656,656,3.45,150,150,150,13,5,30,108,12,1
14441,356,356,356,3.42,108,108,108,13,4,16,90,2,1
14443,303,303,303,4.13,163,163,163,20,2,107,56,0,1
14446,303,303,303,5.86,318,318,318,83,1,285,33,0,0
14447,265,265,265,3.64,136,136,136,15,2,102,34,0,0
14449,210,210,210,5.46,142,142,142,50,1,107,35,0,0
14450,161,161,161,3.2,81,81,81,11,2,48,33,0,0
14456,381,382,190,6.34,533,534,266,118,2,471,60,2,1
14460,276,246,138,3.06,517,493,258,10,0,517,0,0,0
14461,776,776,776,5.48,277,277,277,64,4,176,90,11,2
14462,232,232,232,4.6,115,115,115,30,2,67,46,2,0
14463,220,220,220,0.48,52,52,52,2,6,36,0,16,0
14465,191,191,191,5.31,87,87,87,56,4,46,38,3,1
14466,379,379,379,2.81,137,137,137,10,7,50,78,9,1
14467,131,131,131,3.51,37,37,37,15,5,6,29,2,0
14472,279,279,279,4.31,102,102,102,29,3,67,29,6,0
14475,315,315,315,3.12,112,112,112,12,4,40,60,12,1
14477,523,358,261,1.58,300,200,150,3,1,100,200,0,1
14482,227,227,227,2.31,123,123,123,6,2,8,115,0,1
14487,125,125,125,3.22,37,37,37,13,3,13,20,4,0
14493,515,515,515,3.73,278,278,278,27,5,168,107,3,1
14498,166,166,166,3.15,70,70,70,13,5,56,10,4,1
14499,126,126,126,4.94,73,73,73,41,2,50,23,0,0
14500,284,284,284,1.7,103,103,103,4,5,60,42,1,0
14502,155,155,155,4.96,66,66,66,39,2,34,30,2,0
14503,433,433,433,3.22,172,172,172,13,3,96,56,20,2
14504,134,134,134,3.93,36,36,36,22,4,17,11,8,0
14505,1050,1050,1050,6.71,511,511,511,126,3,289,219,3,2
14506,269,269,269,5.06,112,112,112,43,3,56,55,1,1
14507,339,339,339,4.27,222,222,222,28,2,160,58,4,0
14511,318,318,318,3.88,170,170,170,16,2,140,30,0,0
14513,18,18,18,2.62,7,7,7,7,2,3,4,0,0
14514,147,147,147,3.39,52,52,52,12,3,14,38,0,1
14515,340,340,340,3.38,194,194,194,14,3,123,71,0,1
14522,278,278,278,2.13,168,168,168,7,1,148,20,0,0
14524,275,275,275,3.85,137,137,137,26,4,92,42,3,0
14525,462,462,462,3.98,312,312,312,19,1,211,101,0,1
14527,265,292,132,4.38,59,60,29,29,8,2,47,10,0
14529,135,135,135,5.3,84,84,84,49,1,53,31,0,0
14530,698,698,698,5.0,371,371,371,43,4,274,89,8,1
14532,222,222,222,3.81,28,28,28,14,7,0,28,0,0
14533,433,433,433,2.45,540,540,540,10,2,522,18,0,0
14534,355,355,355,4.35,153,153,153,26,3,75,65,13,0
14535,799,799,799,6.17,506,506,506,97,2,378,119,9,2
14540,195,195,195,2.88,122,122,122,11,4,108,13,1,1
14541,163,163,163,4.13,78,78,78,25,2,49,27,2,0
14543,254,254,254,2.03,40,40,40,5,9,0,30,10,0
14546,499,499,499,5.68,235,235,235,70,3,146,83,6,1
14547,326,326,326,3.76,161,161,161,17,3,60,100,1,1
14553,201,201,201,3.98,131,131,131,23,3,103,26,2,0
14554,351,351,351,5.05,228,228,228,47,2,176,51,1,2
14560,408,408,408,3.63,69,69,69,14,6,20,22,27,0
14561,344,344,344,3.85,192,192,192,20,3,144,45,3,1
14562,195,195,195,3.78,58,58,58,17,5,9,44,5,0
14565,1167,1167,1167,5.33,640,640,640,54,3,384,247,9,2
14572,335,335,335,5.17,182,182,182,50,3,122,55,5,1
14573,413,413,413,5.64,134,134,134,68,5,68,54,12,0
14577,346,346,346,4.98,131,131,131,34,2,38,93,0,0
14583,264,264,264,5.87,220,220,220,83,2,185,33,2,0
14584,220,220,220,4.5,104,104,104,29,3,62,40,2,0
14587,150,150,150,4.45,58,58,58,30,3,33,22,3,0
14591,250,250,250,4.55,105,105,105,33,4,71,28,6,1
14592,161,161,161,4.68,67,67,67,39,3,42,23,2,0
14593,219,219,219,3.9,39,39,39,23,4,11,15,13,0
14595,163,163,163,2.23,76,76,76,5,2,20,56,0,0
14606,198,198,198,4.94,93,93,93,40,3,65,27,1,0
14607,1495,1000,747,1.44,400,300,200,4,5,300,0,100,2
14608,711,507,355,2.49,173,125,86,6,4,0,173,0,1
14609,295,151,147,0.76,3120,2400,1560,2,0,3120,0,0,0
14616,247,237,123,0.4,72,48,36,2,2,24,48,0,0
14618,211,211,211,2.01,92,92,92,5,2,60,32,0,0
14621,305,305,305,3.59,130,130,130,16,4,74,52,4,1
14623,192,192,192,4.57,104,104,104,32,2,39,64,1,0
14626,586,586,586,4.3,432,432,432,29,2,360,70,2,2
14631,309,309,309,3.21,160,160,160,12,3,60,98,2,1
14639,676,676,676,4.81,272,272,272,41,6,160,99,13,1
14640,496,496,496,4.22,230,230,230,24,3,144,80,6,1
14649,513,513,513,5.62,353,353,353,74,3,267,81,5,1
14653,350,350,350,5.52,139,139,139,57,3,79,53,7,0
14655,810,810,810,3.71,522,522,522,14,1,212,310,0,1
14657,416,416,416,5.29,209,209,209,60,4,152,50,7,0
14659,149,149,149,4.21,76,76,76,22,1,41,35,0,0
14662,101,101,101,4.2,67,67,67,21,2,42,25,0,0
14665,394,394,394,4.15,150,150,150,26,4,80,57,13,1
14667,511,511,511,3.96,372,372,372,24,4,246,122,4,1
14669,426,426,426,5.28,200,200,200,53,4,140,52,8,1
14673,373,373,373,3.65,213,213,213,15,2,120,93,0,1
14676,556,556,556,3.14,504,504,504,11,1,432,72,0,1
14680,1680,1680,1680,3.49,464,464,464,14,4,40,400,24,2
14681,105,60,52,-0.0,28,16,14,1,3,0,28,0,0
14684,168,168,168,4.94,70,70,70,44,3,32,36,2,0
14688,444,444,444,3.96,454,454,454,19,1,368,86,0,0
14691,835,835,835,4.41,302,302,302,29,4,138,159,5,1
14692,259,259,259,4.53,131,131,131,26,2,77,54,0,0
14696,294,294,294,3.58,284,284,284,18,2,252,32,0,0
14698,157,157,157,4.88,102,102,102,40,2,73,27,2,0
14700,836,836,836,4.84,537,537,537,35,3,445,90,2,2
14701,396,396,396,5.42,143,143,143,55,4,48,89,6,0
14702,318,318,318,4.57,167,167,167,29,3,107,60,0,0
14704,111,111,111,4.55,55,55,55,34,3,33,20,2,0
14708,419,419,419,2.96,350,350,350,12,2,312,34,4,1
14709,314,314,314,3.62,108,108,108,15,4,6,102,0,1
14710,146,146,146,4.84,94,94,94,33,1,70,24,0,0
14711,288,288,288,4.69,95,95,95,32,3,52,43,0,0
14712,115,115,115,2.05,102,102,102,7,3,98,2,2,1
14713,298,298,298,4.29,125,125,125,25,3,41,83,1,0
14715,109,109,109,2.56,46,46,46,9,4,34,11,1,0
14719,223,223,223,4.95,188,188,188,40,2,153,35,0,1
14720,262,262,262,3.48,72,72,72,15,5,24,43,5,0
14723,149,149,149,3.98,76,76,76,19,1,33,43,0,0
14730,116,116,116,4.31,87,87,87,24,1,63,24,0,0
14731,123,123,123,2.24,96,96,96,6,2,56,40,0,0
14732,470,470,470,4.5,242,242,242,30,3,166,72,4,1
14733,1830,1830,1830,4.42,680,680,680,28,3,284,352,44,2
14735,252,252,252,2.04,68,68,68,5,4,16,46,6,0
14737,434,434,434,2.76,150,150,150,8,3,30,110,10,1
14738,204,204,204,3.12,83,83,83,11,3,24,55,4,0
14739,713,713,713,3.44,476,476,476,12,1,300,176,0,1
14740,521,521,521,4.4,260,260,260,30,4,188,68,4,1
14741,184,184,184,2.91,114,114,114,9,2,90,24,0,0
14744,225,225,225,1.57,148,148,148,3,1,148,0,0,0
14745,240,240,240,2.63,188,188,188,7,1,164,24,0,0
14748,412,412,412,4.42,282,282,282,29,2,189,93,0,0
14755,506,506,506,4.5,134,134,134,27,5,32,82,20,1
14758,654,654,654,4.38,158,158,158,28,8,49,79,30,1
14759,572,572,572,4.9,119,119,119,35,6,36,57,26,1
14765,80,80,80,2.51,18,18,18,7,4,5,13,0,0
14766,180,180,180,2.15,64,64,64,6,5,24,39,1,1
14769,347,347,347,4.0,189,189,189,22,3,136,51,2,2
14775,406,406,406,4.21,384,384,384,20,1,336,48,0,1
14776,558,558,558,4.29,684,684,684,22,1,624,60,0,0
14779,262,262,262,4.21,56,56,56,31,9,25,23,8,0
14790,152,152,152,2.95,136,136,136,10,2,124,12,0,0
14794,283,283,283,3.42,129,129,129,16,4,80,41,8,0
14796,671,671,671,5.24,434,434,434,49,2,295,138,1,1
14798,75,75,75,2.33,76,76,76,6,1,70,6,0,0
14800,555,555,555,5.45,437,437,437,51,1,349,88,0,1
14803,542,542,542,3.09,216,216,216,11,3,40,175,1,0
14805,109,109,109,4.03,29,29,29,19,4,9,18,2,0
14808,679,679,679,5.05,476,476,476,83,7,387,73,16,1
14810,180,180,180,4.1,84,84,84,22,3,38,44,2,0
14818,118,118,118,3.35,31,31,31,13,5,8,21,2,0
14820,139,139,139,2.56,58,58,58,8,4,34,18,6,0
14823,68,68,68,3.46,16,16,16,14,5,5,9,2,0
14824,55,55,55,0.98,24,24,24,2,2,0,24,0,0
14825,184,184,184,3.17,72,72,72,10,3,22,50,0,0
14828,493,493,493,1.54,696,696,696,3,0,696,0,0,2
14829,236,236,236,3.7,190,190,190,19,2,156,34,0,0
14834,243,243,243,3.18,81,81,81,11,4,46,31,4,0
14837,492,492,492,4.61,338,338,338,30,2,266,72,0,1
14841,395,395,395,3.61,274,274,274,19,2,210,58,6,1
14842,1378,1378,1378,5.88,628,628,628,76,3,366,252,10,2
14844,668,668,668,4.19,354,354,354,26,4,138,204,12,2
14849,312,295,156,3.54,170,158,85,15,3,132,38,0,1
14852,490,490,490,4.08,368,368,368,24,3,306,58,4,1
14854,193,193,193,2.61,100,100,100,7,1,36,64,0,1
14856,297,297,297,2.94,225,225,225,15,3,144,75,6,1
14859,296,296,296,3.32,209,209,209,11,1,109,100,0,1
14866,876,772,438,2.13,540,396,270,6,2,336,204,0,2
14867,313,313,313,3.58,136,136,136,16,3,72,62,2,0
14868,439,439,439,4.29,212,212,212,26,3,164,42,6,1
14871,140,140,140,4.27,38,38,38,21,3,6,32,0,0
14878,322,322,322,3.51,135,135,135,13,2,64,71,0,0
14880,129,129,129,2.5,66,66,66,8,4,48,16,2,0
14883,47,47,47,2.44,88,88,88,6,0,88,0,0,0
14895,849,849,849,4.7,421,421,421,42,5,276,129,16,1
14897,620,620,620,3.79,146,146,146,18,6,48,52,46,1
14898,98,98,98,1.35,18,18,18,3,8,0,17,1,0
14901,204,204,204,3.57,105,105,105,18,3,72,29,4,0
14903,686,686,686,6.0,406,406,406,91,3,290,111,5,1
14907,618,618,618,4.59,234,234,234,28,3,80,154,0,1
14910,110,110,110,2.34,80,80,80,8,2,58,20,2,0
14913,300,300,300,2.9,423,423,423,17,2,362,58,3,1
14916,295,295,295,3.49,243,243,243,15,2,160,83,0,1
14930,1103,1103,1103,5.27,413,413,413,55,5,225,150,38,2
14931,293,293,293,1.89,97,97,97,9,8,54,38,5,0
14936,1105,1105,1105,5.5,725,725,725,62,3,497,216,12,2
14937,759,759,759,3.47,172,172,172,13,5,0,148,24,1
14944,132,132,132,2.45,64,64,64,6,2,24,40,0,1
14948,82,82,82,2.48,92,92,92,6,0,92,0,0,0
14952,686,686,686,2.42,472,472,472,7,2,432,40,0,2
14958,181,181,181,3.49,39,39,39,16,6,10,21,8,0
14959,178,178,178,4.3,138,138,138,22,1,128,10,0,0
14961,976,976,976,4.68,490,490,490,30,2,314,176,0,2
14963,310,310,310,5.41,196,196,196,55,2,124,67,5,0
14970,444,444,444,2.8,65,65,65,7,7,0,65,0,1
14971,491,491,491,5.14,352,352,352,51,3,292,54,6,1
14973,654,654,654,1.0,51,51,51,5,147,48,0,3,1
14976,155,155,155,3.64,27,27,27,16,6,2,18,7,0
14978,310,310,310,4.94,99,99,99,37,4,38,58,3,1
14997,155,155,155,2.7,312,312,312,9,0,288,24,0,0
15002,631,631,631,4.73,279,279,279,30,3,132,147,0,1
15005,222,222,222,4.24,118,118,118,28,4,85,29,4,0
15009,592,592,592,5.99,279,279,279,86,3,144,132,3,1
15018,111,111,111,1.93,21,21,21,5,7,0,16,5,0
15021,205,205,205,5.24,94,94,94,45,3,38,55,1,0
15022,353,353,353,4.9,237,237,237,38,3,181,55,1,0
15023,460,460,460,4.52,232,232,232,32,4,135,94,3,2
15024,444,444,444,5.05,235,235,235,46,3,158,76,1,0
15026,121,121,121,2.4,23,23,23,6,4,1,13,9,0
15027,312,312,312,2.56,264,264,264,6,1,264,0,0,0
15028,185,185,185,3.42,119,119,119,14,3,69,50,0,0
15031,150,150,150,3.98,67,67,67,24,3,48,17,2,0
15032,2746,2746,2746,4.71,1655,1655,1655,27,1,1631,24,0,2
15033,570,570,570,5.23,361,361,361,61,4,281,71,9,0
15034,842,842,842,4.81,454,454,454,38,4,368,80,6,1
15036,53,53,53,0.95,65,65,65,3,5,60,4,1,0
15038,126,126,126,4.66,46,46,46,30,3,17,27,2,0
15039,611,611,611,5.38,266,266,266,54,4,131,132,3,1
15044,835,835,835,5.27,311,311,311,47,5,123,183,5,1
15046,258,258,258,2.57,107,107,107,9,5,97,0,10,1
15048,98,98,98,4.19,32,32,32,23,3,10,21,1,0
15050,1293,1293,1293,5.13,901,901,901,49,2,761,136,4,2
15051,768,768,768,5.59,536,536,536,70,3,404,124,8,1
15053,222,222,222,4.01,257,257,257,19,2,211,46,0,0
15058,120,120,120,4.22,28,28,28,26,4,8,17,3,0
15059,187,184,93,4.55,58,57,29,29,4,5,48,5,0
15060,16,16,16,2.35,21,21,21,8,1,20,1,0,0
15061,4076,4076,4076,4.53,2909,2909,2909,38,2,2221,688,0,2
15062,209,209,209,3.23,164,164,164,11,1,104,60,0,0
15065,299,299,299,3.9,202,202,202,17,2,112,90,0,2
15067,848,848,848,4.61,335,335,335,35,4,138,179,18,2
15073,430,430,430,4.09,214,214,214,22,4,172,42,0,1
15078,449,449,449,4.0,201,201,201,21,4,22,176,3,1
15079,141,141,141,1.96,45,45,45,4,3,0,45,0,0
15081,111,111,111,2.56,57,57,57,8,3,34,21,2,0
15089,1221,1221,1221,5.48,674,674,674,69,3,512,142,20,1
15093,623,623,623,2.8,879,879,879,16,3,864,15,0,2
15095,770,770,770,4.32,705,705,705,29,3,642,60,3,1
15100,219,350,109,-0.0,20,32,10,1,10,0,0,20,0
15105,541,541,541,4.55,329,329,329,30,3,276,49,4,1
15106,410,410,410,4.22,258,258,258,26,3,202,50,6,0
15107,116,116,116,2.04,26,26,26,5,5,12,4,10,0
15108,191,191,191,3.2,34,34,34,11,9,0,30,4,1
15110,169,169,169,2.77,69,69,69,9,3,36,27,6,0
15111,288,288,288,3.77,106,106,106,16,3,24,82,0,1
15113,2242,2242,2242,5.73,1412,1412,1412,68,2,1039,365,8,2
15114,243,243,243,3.35,240,240,240,16,1,232,8,0,0
15116,479,479,479,3.67,147,147,147,15,3,36,106,5,1
15117,312,312,312,2.86,670,670,670,8,1,640,30,0,1
15122,397,397,397,4.01,236,236,236,24,2,142,90,4,1
15125,3840,3840,3840,4.42,2224,2224,2224,38,5,1664,544,16,2
15128,483,483,483,4.43,360,360,360,33,2,290,66,4,1
15129,355,355,355,3.29,117,117,117,14,5,49,61,7,1
15132,313,313,313,3.81,259,259,259,19,2,230,29,0,0
15133,324,324,324,2.74,206,206,206,7,1,142,64,0,1
15134,203,203,203,3.33,126,126,126,12,2,84,42,0,0
15136,582,582,582,4.74,374,374,374,29,1,256,118,0,1
15140,446,446,446,3.82,283,283,283,17,2,189,94,0,1
15144,525,525,525,4.09,202,202,202,21,3,36,156,10,1
15145,301,301,301,3.38,187,187,187,15,3,160,18,9,1
15150,304,304,304,3.87,108,108,108,18,4,56,47,5,1
15152,399,399,399,4.12,109,109,109,20,5,48,53,8,1
15156,391,391,391,3.98,238,238,238,25,4,168,67,3,1
15157,1085,1085,1085,5.17,1078,1078,1078,54,3,928,146,4,2
15159,1822,1822,1822,2.69,980,980,980,46,13,814,162,4,2
15164,474,474,474,5.18,217,217,217,46,3,148,68,1,0
15172,361,361,361,4.12,385,385,385,25,2,339,46,0,1
15179,1387,1285,693,4.89,1284,1244,642,45,3,1140,134,10,1
15181,295,300,147,1.36,47,48,23,3,5,0,23,24,0
15187,402,402,402,1.38,72,72,72,3,4,0,72,0,1
15189,319,319,319,2.85,93,93,93,8,4,0,93,0,1
15192,315,315,315,3.29,196,196,196,15,3,172,20,4,1
15194,406,406,406,3.41,247,247,247,16,3,157,86,4,1
15197,556,556,556,0.55,78,78,78,3,12,24,42,12,1
15199,353,353,353,1.51,118,118,118,3,4,0,118,0,1
15201,301,301,301,3.06,225,225,225,12,2,204,21,0,0
15203,211,211,211,4.03,224,224,224,20,1,174,50,0,1
15206,183,183,183,1.58,72,72,72,3,2,0,72,0,0
15208,65,65,65,1.58,20,20,20,3,3,0,20,0,0
15214,183,183,183,2.97,96,96,96,12,3,58,34,4,0
15215,300,300,300,3.75,92,92,92,16,5,24,60,8,0
15218,581,581,581,4.26,296,296,296,28,3,160,130,6,1
15220,316,316,316,4.14,275,275,275,23,1,222,53,0,0
15227,318,318,318,3.27,173,173,173,16,3,132,39,2,0
15228,970,970,970,4.99,486,486,486,46,4,328,150,8,2
15235,79,79,79,2.22,34,34,34,5,2,12,22,0,0
15237,938,938,938,5.39,670,670,670,65,4,524,135,11,1
15238,472,472,472,1.56,355,355,355,23,10,326,28,1,1
15240,312,312,312,3.22,306,306,306,14,3,276,29,1,1
15241,395,395,395,4.13,434,434,434,28,2,415,17,2,0
15245,1251,1251,1251,5.29,826,826,826,49,2,540,282,4,2
15249,1001,1001,1001,5.51,478,478,478,60,3,330,143,5,1
15251,492,492,492,2.29,112,112,112,6,6,48,56,8,2
15253,173,173,173,2.98,211,211,211,12,2,196,15,0,0
15260,362,362,362,3.38,214,214,214,16,5,156,52,6,0
15267,372,372,372,0.95,216,216,216,2,1,96,120,0,1
15270,375,375,375,2.79,188,188,188,9,4,108,78,2,1
15271,111,111,111,4.32,78,78,78,24,1,58,20,0,0
15281,234,234,234,3.36,85,85,85,12,3,42,43,0,0
15288,165,165,165,4.33,66,66,66,26,3,30,32,4,1
15289,375,375,375,3.94,333,333,333,19,1,300,33,0,1
15290,219,219,219,2.71,168,168,168,8,1,144,24,0,1
15291,328,328,328,0.98,112,112,112,2,3,0,112,0,1
15296,1199,1199,1199,5.58,679,679,679,61,3,491,180,8,2
15297,230,230,230,3.66,96,96,96,14,2,27,69,0,0
15298,397,397,397,3.52,286,286,286,17,3,240,44,2,1
15299,1307,1003,653,0.84,2028,1824,1014,2,1,2028,0,0,2
15301,673,673,673,4.51,503,503,503,34,3,414,89,0,1
15304,123,123,123,2.06,21,21,21,5,7,0,15,6,0
15306,517,517,517,4.33,298,298,298,28,3,212,81,5,1
15311,449,449,449,4.84,198,198,198,34,2,123,75,0,2
15312,289,289,289,3.68,177,177,177,16,2,121,56,0,0
15321,1159,1159,1159,4.88,545,545,545,38,4,196,342,7,2
15329,307,309,153,3.67,108,112,54,17,4,68,35,5,1
15332,1145,1145,1145,4.48,442,442,442,25,3,236,206,0,1
15334,127,127,127,4.78,114,114,114,36,1,105,9,0,0
15344,151,151,151,2.52,15,15,15,6,10,0,3,12,0
15351,274,274,274,5.17,129,129,129,49,3,91,36,2,0
15356,150,150,150,5.45,80,80,80,49,1,38,42,0,0
15358,100,100,100,2.58,36,36,36,6,2,0,36,0,1
15365,208,208,208,3.33,85,85,85,12,3,48,35,2,1
15367,651,651,651,4.63,338,338,338,29,2,186,152,0,1
15370,570,570,570,4.52,242,242,242,28,3,110,130,2,1
15373,334,334,334,3.14,42,42,42,11,9,0,25,17,0
15376,654,654,654,5.16,375,375,375,57,4,264,107,4,1
15379,1491,1491,1491,5.45,768,768,768,61,3,498,254,16,1
15380,615,385,307,2.69,132,78,66,7,6,0,130,2,1
15382,1019,1019,1019,5.44,910,910,910,65,3,714,191,5,2
15392,338,338,338,3.76,402,402,402,19,1,376,26,0,1
15394,587,587,587,4.31,242,242,242,24,4,48,188,6,1
15399,266,266,266,3.88,188,188,188,18,1,162,26,0,0
15400,85,85,85,1.56,72,72,72,3,1,72,0,0,0
15407,164,164,164,4.67,77,77,77,38,4,54,18,5,0
15410,386,386,386,3.58,112,112,112,15,5,36,70,6,1
15411,225,225,225,3.07,107,107,107,12,3,60,43,4,1
15414,385,385,385,3.59,238,238,238,16,2,164,72,2,0
15416,1375,1375,1375,5.45,786,786,786,69,4,602,154,30,2
15421,295,295,295,3.67,174,174,174,16,2,72,102,0,0
15426,411,411,411,5.77,159,159,159,74,3,76,80,3,0
15427,506,506,506,5.65,253,253,253,65,3,130,120,3,1
15434,150,150,150,2.94,46,46,46,8,3,0,46,0,0
15436,489,489,489,6.46,251,251,251,124,3,173,73,5,1
15440,125,125,125,3.91,78,78,78,20,2,64,12,2,0
15443,437,437,437,5.29,182,182,182,51,3,108,68,6,1
15449,345,345,345,4.0,248,248,248,23,2,198,48,2,1
15452,247,247,247,4.49,137,137,137,36,3,99,36,2,0
15453,350,350,350,5.16,270,270,270,54,3,221,46,3,0
15456,243,243,243,4.33,434,434,434,25,1,406,28,0,0
15462,105,105,105,2.13,76,76,76,5,2,72,4,0,0
15465,535,535,535,2.67,125,125,125,7,6,0,109,16,1
15467,114,114,114,1.97,54,54,54,9,5,43,10,1,0
15473,547,547,547,1.56,192,192,192,3,3,0,192,0,0
15482,527,527,527,1.63,188,188,188,5,4,144,12,32,2
15483,31,31,31,2.74,15,15,15,9,3,7,7,1,0
15484,674,674,674,4.16,740,740,740,27,2,591,147,2,2
15485,950,950,950,3.95,416,416,416,22,5,197,199,20,2
15489,442,442,442,3.81,178,178,178,18,3,108,56,14,1
15491,837,837,837,4.96,358,358,358,46,5,205,137,16,1
15493,538,538,538,5.96,155,155,155,78,4,55,92,8,1
15498,169,450,84,0.71,203,204,101,10,48,144,60,-1,1
15500,266,266,266,3.45,120,120,120,16,5,80,36,4,0
15502,736,569,368,4.05,256,240,128,22,5,138,108,10,2
15505,502,502,502,2.72,110,110,110,7,5,48,62,0,2
15506,209,209,209,4.88,146,146,146,45,2,96,50,0,1
15508,114,114,114,4.34,49,49,49,23,2,15,34,0,0
15511,229,229,229,5.22,94,94,94,51,3,46,46,2,0
15513,357,357,357,1.54,116,116,116,3,3,0,116,0,2
15514,1136,1136,1136,4.18,322,322,322,23,3,185,136,1,1
15516,47,47,47,3.36,18,18,18,13,3,8,9,1,0
15518,241,241,241,3.97,159,159,159,21,2,116,42,1,0
15521,475,475,475,4.08,433,433,433,33,5,378,52,3,1
15525,313,313,313,4.95,124,124,124,44,4,59,56,9,0
15527,221,221,221,3.78,62,62,62,17,3,29,25,8,1
15529,295,295,295,3.42,176,176,176,15,2,118,56,2,1
15530,437,437,437,3.97,293,293,293,24,2,234,55,4,1
15532,356,356,356,5.32,92,92,92,48,5,4,82,6,1
15533,105,105,105,3.23,33,33,33,11,4,15,17,1,0
15535,270,270,270,4.7,78,78,78,33,4,29,44,5,0
15544,354,354,354,4.08,274,274,274,26,2,244,28,2,1
15547,767,767,767,5.31,559,559,559,54,3,474,82,3,1
15549,942,942,942,5.46,398,398,398,57,3,188,207,3,2
15550,142,142,142,3.14,43,43,43,12,3,8,32,3,0
15555,198,198,198,4.84,293,293,293,32,1,293,0,0,1
15561,178,178,178,2.73,42,42,42,8,6,16,19,7,0
15563,270,270,270,3.98,315,315,315,22,1,285,30,0,1
15568,335,335,335,3.73,180,180,180,17,2,100,80,0,0
15569,352,352,352,3.6,196,196,196,20,2,90,105,1,0
15570,517,517,517,4.91,165,165,165,37,4,29,127,9,1
15571,196,196,196,4.57,102,102,102,30,3,62,38,2,0
15572,430,430,430,5.15,207,207,207,50,2,144,52,11,1
15574,375,375,375,6.16,176,176,176,96,3,109,58,9,0
15577,29,29,29,1.6,7,7,7,4,6,0,6,1,0
15581,272,272,272,4.11,104,104,104,21,3,30,74,0,0
15582,303,303,303,3.9,255,255,255,22,2,206,47,2,0
15584,154,154,154,4.85,49,49,49,35,4,20,27,2,0
15587,344,344,344,1.55,120,120,120,3,2,0,120,0,0
15589,184,184,184,3.37,125,125,125,12,2,84,41,0,0
15594,267,267,267,3.6,145,145,145,15,3,96,49,0,1
15596,402,402,402,3.98,168,168,168,21,4,96,64,8,0
15601,768,768,768,4.91,666,666,666,48,2,596,70,0,1
15602,92,92,92,1.4,57,57,57,3,3,48,9,0,0
15605,194,194,194,3.35,71,71,71,12,4,36,35,0,0
15606,320,320,320,2.53,104,104,104,7,3,36,68,0,1
15608,660,660,660,4.76,352,352,352,38,4,260,80,12,0
15611,100,100,100,1.49,12,12,12,3,9,0,6,6,0
15615,1048,1048,1048,4.19,364,364,364,23,3,86,274,4,1
15618,357,357,357,4.06,239,239,239,21,2,200,39,0,0
15620,424,424,424,4.23,395,395,395,31,2,338,56,1,1
15621,235,235,235,2.73,123,123,123,8,2,60,63,0,1
15622,576,576,576,4.32,222,222,222,29,4,96,114,12,1
15624,183,183,183,3.03,54,54,54,10,5,24,25,5,0
15625,301,301,301,2.97,250,250,250,8,1,250,0,0,1
15628,319,319,319,4.02,250,250,250,19,1,202,48,0,1
15632,300,300,300,3.11,48,48,48,9,5,0,48,0,1
15640,333,333,333,2.52,180,180,180,7,1,48,132,0,2
15641,308,308,308,3.69,357,357,357,20,2,302,55,0,1
15643,39,39,39,0.68,7,7,7,2,10,0,6,1,0
15644,202,202,202,5.42,163,163,163,55,2,119,44,0,0
15646,189,189,189,3.6,230,230,230,17,1,194,36,0,0
15651,304,304,304,3.1,185,185,185,11,2,97,88,0,0
15656,242,242,242,3.49,89,89,89,15,4,48,37,4,0
15658,306,306,306,3.55,64,64,64,14,8,12,41,11,0
15660,209,209,209,3.01,110,110,110,10,2,72,38,0,0
15669,198,198,198,3.12,64,64,64,11,5,12,46,6,0
15671,356,356,356,4.21,213,213,213,21,2,120,93,0,1
15673,969,969,969,4.71,398,398,398,34,2,197,158,43,2
15674,355,355,355,3.8,198,198,198,19,3,108,87,3,1
15675,45,45,45,1.58,36,36,36,3,1,36,0,0,0
15676,897,897,897,5.32,555,555,555,61,4,411,134,10,2
15679,82,82,82,2.46,186,186,186,9,0,176,10,0,0
15680,478,478,478,4.47,331,331,331,30,2,244,86,1,1
15681,345,345,345,3.88,256,256,256,17,1,196,60,0,0
15687,379,379,379,4.25,132,132,132,23,4,60,65,7,1
15694,306,306,306,2.34,80,80,80,6,5,36,28,16,1
15696,493,493,493,4.62,249,249,249,31,3,172,73,4,1
15701,255,255,255,5.61,151,151,151,67,2,103,46,2,1
15704,568,568,568,4.27,255,255,255,27,3,149,96,10,2
15706,79,79,79,0.75,20,20,20,2,4,0,20,0,0
15707,307,307,307,5.44,238,238,238,60,2,188,49,1,0
15708,350,350,350,4.7,158,158,158,31,4,71,80,7,1
15712,299,299,299,3.93,109,109,109,18,3,48,61,0,0
15716,547,547,547,4.86,435,435,435,35,2,375,60,0,0
15719,515,515,515,6.03,251,251,251,87,3,136,110,5,1
15722,324,324,324,3.04,112,112,112,10,5,72,33,7,1
15727,1536,1536,1536,4.01,537,537,537,65,10,332,194,11,2
15730,343,343,343,4.16,200,200,200,23,2,130,70,0,1
15737,204,204,204,3.28,79,79,79,12,4,52,25,2,0
15738,329,329,329,3.51,255,255,255,14,2,204,51,0,1
15743,137,137,137,4.34,47,47,47,27,4,28,17,2,0
15745,302,302,302,3.73,127,127,127,18,5,88,32,7,0
15747,242,242,242,3.87,132,132,132,19,4,80,51,1,1
15750,301,301,301,3.56,288,288,288,17,2,240,48,0,1
15752,259,259,259,3.62,153,153,153,14,2,78,75,0,1
15754,91,91,91,2.51,36,36,36,6,2,12,24,0,0
15755,314,314,314,3.78,198,198,198,19,3,148,48,2,1
15756,123,123,123,4.93,45,45,45,39,3,19,24,2,0
15759,97,97,97,1.52,32,32,32,4,4,12,16,4,0
15764,1120,1120,1120,5.1,623,623,623,59,4,428,184,11,1
15768,354,354,354,1.04,101,101,101,10,24,84,14,3,0
15769,3495,3404,1747,3.09,1780,1744,890,9,2,0,1780,0,2
15777,365,365,365,2.04,113,113,113,5,4,12,89,12,0
15780,177,177,177,3.21,65,65,65,12,5,36,28,1,0
15781,83,83,83,1.93,29,29,29,5,6,24,2,3,0
15782,526,526,526,3.45,76,76,76,13,9,0,60,16,2
15785,928,928,928,4.02,557,557,557,29,3,405,113,39,1
15786,3160,3160,3160,6.79,2310,2310,2310,165,3,1968,315,27,2
15787,492,492,492,5.68,286,286,286,78,3,214,61,11,1
15793,306,306,306,1.5,192,192,192,3,1,160,32,0,1
15796,273,273,273,3.54,105,105,105,14,3,52,50,3,1
15797,1510,1495,755,2.12,529,528,264,6,5,0,528,1,1
15799,161,161,161,3.03,358,358,358,15,1,350,8,0,0
15801,137,137,137,2.91,70,70,70,9,2,46,24,0,1
15804,362,362,362,4.26,270,270,270,27,2,187,83,0,1
15805,370,370,370,3.19,212,212,212,11,2,120,92,0,1
15806,221,221,221,2.28,139,139,139,7,2,97,42,0,0
15807,635,635,635,5.02,380,380,380,40,2,300,76,4,1
15808,1021,1021,1021,5.54,355,355,355,54,3,71,274,10,2
15809,116,116,116,2.58,50,50,50,8,4,32,16,2,0
15810,377,377,377,4.47,250,250,250,26,1,200,50,0,1
15811,289,289,289,3.86,95,95,95,16,3,36,59,0,1
15812,244,244,244,0.88,64,64,64,2,4,0,64,0,1
15814,456,456,456,3.59,228,228,228,16,3,180,42,6,1
15815,427,427,427,2.91,252,252,252,10,3,212,40,0,1
15819,537,537,537,4.66,392,392,392,36,2,314,76,2,1
15826,720,720,720,4.17,488,488,488,28,3,404,78,6,1
15827,98,98,98,2.48,42,42,42,7,6,24,16,2,0
15831,309,309,309,3.83,308,308,308,17,1,295,13,0,0
15834,510,510,510,4.51,271,271,271,30,3,190,71,10,1
15835,301,301,301,3.12,155,155,155,15,4,96,52,7,0
15838,957,957,957,1.58,550,550,550,3,1,300,250,0,2
15839,258,258,258,3.43,135,135,135,13,2,84,51,0,1
15841,331,331,331,2.65,132,132,132,7,2,50,82,0,1
15845,929,929,929,4.45,358,358,358,27,4,164,180,14,1
15854,230,230,230,3.73,92,92,92,15,3,54,38,0,0
15855,95,95,95,2.56,68,68,68,6,1,56,12,0,0
15856,1571,1571,1571,4.49,675,675,675,30,3,289,376,10,2
15858,383,383,383,4.86,199,199,199,44,3,146,43,10,0
15860,102,102,102,3.47,72,72,72,14,2,49,21,2,0
15861,474,474,474,5.55,321,321,321,64,2,258,59,4,1
15862,354,354,354,5.55,124,124,124,64,4,51,68,5,0
15864,242,242,242,2.17,110,110,110,6,3,84,14,12,1
15865,313,313,313,3.3,178,178,178,16,6,147,20,11,1
15867,112,112,112,4.65,47,47,47,28,2,21,26,0,0
15874,584,584,584,1.29,52,52,52,5,34,0,14,38,2
15881,114,114,114,1.1,55,55,55,3,3,6,49,0,0
15882,270,270,270,3.36,116,116,116,14,2,40,76,0,0
15885,364,349,182,3.69,110,109,55,17,5,48,53,9,0
15898,382,382,382,5.3,210,210,210,55,4,143,64,3,0
15901,110,110,110,3.51,209,209,209,24,2,199,9,1,0
15903,161,161,161,4.0,384,384,384,16,0,384,0,0,2
15906,590,590,590,5.49,217,217,217,54,3,96,119,2,0
15907,251,251,251,5.02,157,157,157,46,2,113,44,0,1
15910,112,112,112,4.52,79,79,79,30,2,65,14,0,0
15916,142,142,142,2.87,55,55,55,11,5,33,18,4,0
15920,35,35,35,3.26,21,21,21,11,1,14,7,0,0
15932,317,317,317,3.53,169,169,169,16,2,123,46,0,1
15933,411,411,411,4.12,345,345,345,24,2,286,58,1,1
15938,74,74,74,1.96,32,32,32,5,3,18,12,2,0
15939,354,354,354,2.11,240,240,240,5,1,96,144,0,1
15950,428,428,428,4.62,135,135,135,28,3,16,118,1,1
15952,253,253,253,4.55,112,112,112,31,3,54,53,5,0
15953,209,209,209,3.61,101,101,101,15,2,48,52,1,0
15955,572,572,572,4.05,246,246,246,20,3,136,110,0,1
15965,156,156,156,3.69,74,74,74,16,2,25,47,2,0
15969,308,308,308,3.19,44,44,44,10,7,0,26,18,0
15971,762,762,762,2.0,370,370,370,4,2,0,370,0,1
15974,769,769,769,4.49,388,388,388,32,3,272,98,18,1
15980,760,760,760,4.24,592,592,592,20,1,488,104,0,2
15981,270,270,270,2.0,40,40,40,4,6,0,40,0,1
15983,440,440,440,4.43,329,329,329,28,2,275,52,2,1
15984,122,122,122,2.31,56,56,56,5,2,0,56,0,0
15987,113,113,113,2.79,86,86,86,9,3,62,24,0,0
15993,218,218,218,4.28,165,165,165,34,3,136,23,6,1
15996,263,263,263,4.64,95,95,95,31,4,44,47,4,0
15998,863,863,863,6.41,466,466,466,118,4,308,148,10,2
16003,1181,1181,1181,2.54,184,184,184,20,15,76,66,42,1
16005,177,177,177,5.28,82,82,82,55,3,52,29,1,0
16007,751,751,751,6.86,598,598,598,157,2,489,107,2,1
16008,139,139,139,2.17,75,75,75,6,2,53,22,0,0
16009,462,462,462,5.44,208,208,208,55,3,117,82,9,0
16010,110,110,110,4.39,46,46,46,24,2,19,27,0,0
16011,237,237,237,4.26,125,125,125,22,2,80,45,0,0
16012,767,767,767,4.0,332,332,332,26,3,225,86,21,1
16013,534,534,534,0.97,168,168,168,2,3,0,168,0,2
16014,117,117,117,2.63,35,35,35,7,4,0,33,2,0
16015,203,203,203,4.92,276,276,276,39,0,265,11,0,0
16016,382,382,382,5.58,146,146,146,59,3,62,80,4,0
16019,219,219,219,2.84,60,60,60,8,4,0,54,6,1
16020,518,518,518,4.28,290,290,290,26,2,180,108,2,0
16023,177,177,177,4.1,52,52,52,24,3,25,21,6,0
16027,-3,79,-1,0.06,143,144,71,2,41,144,0,-1,0
16029,508,508,508,1.37,236,236,236,3,3,200,36,0,2
16033,155,155,155,4.52,52,52,52,26,3,16,35,1,1
16034,137,137,137,2.82,66,66,66,9,3,54,12,0,0
16037,300,300,300,3.51,160,160,160,15,3,92,66,2,0
16038,78,78,78,1.58,15,15,15,3,5,0,15,0,0
16040,422,422,422,3.88,285,285,285,22,3,234,46,5,1
16041,2739,2064,1369,1.88,1044,944,522,5,7,864,148,32,2
16042,435,435,435,4.41,267,267,267,24,2,180,87,0,0
16043,307,307,307,3.41,155,155,155,17,4,120,33,2,0
16045,664,664,664,4.82,438,438,438,43,3,351,83,4,1
16049,488,488,488,6.16,320,320,320,104,2,239,78,3,1
16057,683,683,683,5.03,217,217,217,40,5,70,135,12,1
16059,118,118,118,4.03,51,51,51,18,2,19,32,0,0
16062,247,247,247,1.9,124,124,124,7,3,72,46,6,0
16066,316,316,316,2.37,186,186,186,6,4,144,42,0,1
16076,305,305,305,3.75,137,137,137,16,2,60,77,0,0
16079,508,508,508,2.54,426,426,426,11,4,294,128,4,1
16081,157,157,157,4.11,53,53,53,21,4,17,33,3,1
16085,181,181,181,4.35,95,95,95,28,3,68,26,1,0
16086,177,177,177,2.74,76,76,76,8,3,36,38,2,0
16092,310,310,310,3.73,211,211,211,20,2,176,31,4,0
16094,252,252,252,3.47,164,164,164,16,5,132,27,5,0
16098,430,430,430,3.0,134,134,134,12,5,24,102,8,0
16099,318,318,318,4.1,206,206,206,19,1,118,88,0,0
16102,553,553,553,3.81,312,312,312,18,2,216,96,0,2
16103,220,204,110,2.78,132,130,66,10,3,94,26,12,0
16107,318,318,318,1.53,88,88,88,3,3,0,88,0,1
16110,409,409,409,6.39,210,210,210,111,3,132,75,3,1
16112,72,72,72,1.0,192,192,192,2,0,192,0,0,0
16115,138,138,138,4.13,77,77,77,24,3,60,15,2,0
16120,996,996,996,4.16,762,762,762,20,1,590,172,0,1
16122,105,105,105,2.79,118,118,118,10,1,94,24,0,0
16126,891,891,891,4.27,275,275,275,22,3,78,183,14,2
16128,388,388,388,3.92,174,174,174,20,4,108,61,5,1
16131,1056,1056,1056,3.93,540,540,540,24,3,320,206,14,2
16133,306,306,306,2.44,383,383,383,10,2,328,54,1,1
16136,159,159,159,2.59,66,66,66,8,4,32,28,6,0
16139,139,139,139,2.26,84,84,84,6,2,72,12,0,0
16143,355,355,355,3.81,145,145,145,16,3,42,101,2,1
16145,302,302,302,3.1,270,270,270,17,3,224,42,4,1
16146,385,385,385,4.0,211,211,211,19,2,148,63,0,0
16150,393,393,393,4.05,174,174,174,22,3,120,46,8,1
16153,215,215,215,3.07,75,75,75,10,4,36,37,2,1
16156,315,315,315,3.17,85,85,85,10,4,0,73,12,1
16157,168,168,168,2.41,44,44,44,6,4,8,36,0,0
16161,164,164,164,3.51,88,88,88,15,3,68,20,0,0
16164,245,245,245,2.87,136,136,136,14,3,98,36,2,0
16168,275,275,275,1.46,124,124,124,3,4,0,124,0,0
16169,339,339,339,3.77,210,210,210,15,2,94,116,0,1
16170,309,309,309,4.37,232,232,232,22,1,214,18,0,1
16172,249,249,249,3.15,136,136,136,11,2,96,40,0,0
16173,112,112,112,2.68,27,27,27,7,6,12,11,4,0
16174,304,304,304,1.21,260,260,260,3,2,252,8,0,1
16175,272,272,272,3.61,100,100,100,15,4,60,38,2,0
16180,413,413,413,3.53,228,228,228,13,2,148,80,0,2
16182,2327,2327,2327,2.81,1300,1300,1300,7,1,0,1300,0,2
16184,172,172,172,2.72,91,91,91,8,3,52,39,0,0
16186,307,307,307,3.86,231,231,231,20,2,193,38,0,1
16187,334,334,334,3.23,244,244,244,11,1,142,102,0,1
16188,414,414,414,4.24,368,368,368,30,2,328,38,2,0
16191,301,301,301,1.99,360,360,360,4,0,360,0,0,1
16201,509,509,509,4.68,336,336,336,30,1,214,122,0,1
16203,170,170,170,3.32,70,70,70,11,2,36,34,0,0
16205,111,111,111,3.46,78,78,78,15,1,54,24,0,0
16206,161,161,161,4.41,83,83,83,24,1,51,32,0,0
16209,262,262,262,3.65,273,273,273,17,1,258,15,0,1
16210,2474,2474,2474,3.33,1070,1070,1070,14,3,416,638,16,2
16214,206,206,206,1.9,34,34,34,5,10,0,24,10,1
16218,471,471,471,4.72,438,438,438,28,1,426,12,0,1
16221,166,166,166,3.03,52,52,52,12,3,20,28,4,0
16224,167,167,167,3.29,79,79,79,14,5,58,19,2,1
16225,183,183,183,3.09,53,53,53,9,3,12,41,0,0
16226,130,130,130,1.45,72,72,72,3,2,48,24,0,0
16232,358,358,358,3.24,207,207,207,12,1,148,59,0,0
16233,147,147,147,0.98,12,12,12,2,12,0,0,12,0
16235,235,235,235,3.33,61,61,61,12,5,28,26,7,0
16241,277,277,277,3.58,97,97,97,14,4,0,93,4,0
16242,548,548,548,5.18,306,306,306,41,1,174,132,0,1
16245,453,453,453,4.34,258,258,258,30,3,190,63,5,1
16249,814,814,814,3.81,441,441,441,22,3,280,145,16,1
16255,374,374,374,3.99,173,173,173,26,7,130,35,8,1
16258,1032,1032,1032,4.89,372,372,372,35,3,120,248,4,2
16261,254,254,254,4.92,139,139,139,50,3,107,25,7,0
16265,651,651,651,4.66,279,279,279,32,4,144,125,10,2
16266,127,127,127,2.83,99,99,99,8,1,96,3,0,0
16271,133,133,133,3.74,128,128,128,16,1,95,33,0,0
16279,359,359,359,3.78,156,156,156,16,3,48,108,0,1
16283,743,743,743,5.55,646,646,646,74,2,538,100,8,1
16293,378,378,378,3.47,189,189,189,16,4,81,105,3,0
16295,355,355,355,3.71,259,259,259,22,4,224,26,9,1
16298,114,114,114,2.71,50,50,50,7,2,24,26,0,0
16303,3209,3209,3209,6.01,1607,1607,1607,94,3,970,627,10,2
16306,68,68,68,0.88,30,30,30,2,2,12,18,0,0
16308,1280,960,640,-0.0,4000,3000,2000,1,0,4000,0,0,2
16316,308,308,308,3.51,230,230,230,20,2,180,38,12,1
16317,462,462,462,4.14,256,256,256,24,3,188,62,6,1
16321,87,87,87,1.83,21,21,21,4,5,0,18,3,0
16324,258,258,258,5.27,184,184,184,60,3,142,38,4,0
16325,225,225,225,2.81,58,58,58,8,5,12,42,4,0
16326,159,159,159,3.49,21,21,21,12,7,2,18,1,0
16327,535,535,535,5.81,392,392,392,66,2,309,83,0,2
16330,21,21,21,2.9,10,10,10,9,2,5,5,0,0
16332,229,229,229,4.07,74,74,74,22,4,33,36,5,0
16333,1445,1445,1445,2.1,3080,3080,3080,5,0,3080,0,0,2
16341,797,797,797,4.41,534,534,534,29,2,297,235,2,1
16342,136,136,136,1.74,47,47,47,7,8,24,20,3,0
16348,127,127,127,4.02,66,66,66,27,3,49,15,2,0
16350,435,435,435,4.02,211,211,211,21,4,140,64,7,0
16353,306,204,153,-0.0,72,48,36,1,4,0,72,0,0
16356,109,107,54,3.8,49,48,24,15,2,12,37,0,0
16357,400,400,400,4.02,191,191,191,22,3,122,64,5,0
16358,459,459,459,4.61,351,351,351,30,2,278,73,0,1
16359,110,110,110,2.03,91,91,91,10,6,84,4,3,0
16360,530,530,530,6.43,393,393,393,116,2,326,65,2,2
16361,334,334,334,5.19,206,206,206,43,3,113,93,0,0
16362,215,215,215,3.67,115,115,115,15,2,64,51,0,0
16365,139,139,139,2.4,101,101,101,6,6,96,3,2,0
16369,354,354,354,3.61,199,199,199,15,2,142,57,0,1
16370,275,275,275,5.4,169,169,169,61,3,124,40,5,1
16378,144,144,144,3.2,116,116,116,10,1,108,8,0,0
16379,823,823,823,4.91,582,582,582,42,2,366,214,2,1
16385,148,148,148,3.64,70,70,70,19,3,24,44,2,0
16389,119,119,119,2.48,59,59,59,6,2,29,30,0,1
16393,184,184,184,3.31,86,86,86,10,2,0,86,0,0
16394,312,312,312,4.32,365,365,365,26,1,346,19,0,1
16395,301,301,301,4.76,246,246,246,41,3,206,38,2,0
16401,477,477,477,4.22,431,431,431,24,1,390,41,0,1
16407,263,263,263,3.96,108,108,108,20,3,73,29,6,0
16409,271,271,271,5.19,135,135,135,48,3,84,49,2,1
16416,333,333,333,4.43,188,188,188,31,3,136,51,1,1
16418,145,145,145,3.39,87,87,87,18,5,66,20,1,0
16419,252,252,252,3.69,98,98,98,17,4,61,34,3,0
16422,1668,1668,1668,3.31,2048,2048,2048,13,1,1858,190,0,2
16426,230,230,230,5.32,157,157,157,49,1,95,62,0,0
16431,269,269,269,4.11,143,143,143,20,2,93,50,0,0
16434,401,401,401,4.23,211,211,211,25,4,168,39,4,0
16438,114,114,114,4.04,59,59,59,21,2,30,27,2,0
16440,975,975,975,6.03,510,510,510,79,2,301,209,0,2
16442,151,151,151,5.17,63,63,63,44,3,39,23,1,0
16444,112,119,56,4.25,72,73,36,25,2,58,14,0,0
16455,246,246,246,3.47,142,142,142,13,1,84,58,0,0
16456,787,787,787,3.99,392,392,392,16,2,40,352,0,1
16458,193,193,193,3.16,86,86,86,10,2,22,64,0,0
16460,258,258,258,4.44,548,548,548,26,0,548,0,0,0
16462,0,34,0,-0.0,0,4,0,1,8,0,0,0,0
16463,319,319,319,3.97,179,179,179,19,2,142,37,0,1
16464,385,385,385,5.8,316,316,316,88,3,266,44,6,1
16466,111,111,111,3.68,65,65,65,14,1,41,24,0,0
16469,97,97,97,4.08,44,44,44,22,3,19,25,0,0
16470,216,216,216,4.96,99,99,99,39,2,50,49,0,0
16473,68,68,68,2.05,67,67,67,5,1,61,6,0,0
16474,121,121,121,2.07,47,47,47,5,4,0,45,2,0
16475,57,57,57,1.32,34,34,34,3,2,24,10,0,0
16477,225,225,225,3.52,125,125,125,14,2,84,41,0,1
16478,202,202,202,2.86,170,170,170,11,3,136,32,2,0
16488,144,144,144,1.02,109,109,109,7,9,96,12,1,0
16493,127,127,127,2.42,76,76,76,6,2,60,16,0,1
16495,437,437,437,4.99,171,171,171,49,4,109,51,11,0
16496,414,414,414,3.99,327,327,327,24,2,231,92,4,1
16497,233,233,233,3.32,110,110,110,12,2,36,72,2,1
16500,220,165,110,0.17,37,36,18,3,56,24,12,1,0
16503,488,488,488,4.55,219,219,219,30,3,124,92,3,1
16511,340,340,340,5.35,124,124,124,54,4,65,52,7,1
16513,211,121,105,0.73,68,44,34,2,2,0,68,0,0
16515,320,320,320,4.43,199,199,199,29,3,155,40,4,1
16520,325,325,325,5.6,217,217,217,60,3,141,76,0,1
16523,743,743,743,4.37,164,164,164,26,5,40,98,26,1
16525,411,411,411,2.78,198,198,198,9,3,106,86,6,1
16531,92,92,92,2.19,74,74,74,6,2,60,14,0,0
16532,4516,2606,2258,0.37,1536,1056,768,2,3,576,960,0,2
16533,376,376,376,5.62,162,162,162,64,3,85,73,4,1
16539,442,442,442,3.87,301,301,301,21,3,264,37,0,1
16549,662,662,662,6.35,461,461,461,109,2,373,85,3,1
16550,554,554,554,5.13,257,257,257,48,3,125,121,11,1
16551,306,306,306,2.45,316,316,316,11,2,292,18,6,1
16553,951,951,951,3.27,640,640,640,11,2,444,196,0,1
16554,313,313,313,3.91,128,128,128,20,4,84,40,4,0
16556,310,310,310,3.56,187,187,187,16,2,120,67,0,1
16558,569,569,569,4.36,275,275,275,27,3,125,148,2,1
16566,94,94,94,0.73,14,14,14,2,6,0,6,8,0
16570,450,450,450,3.47,342,342,342,15,2,288,54,0,1
16571,436,436,436,4.45,378,378,378,29,2,313,65,0,1
16572,367,367,367,3.32,176,176,176,19,6,140,34,2,1
16589,117,117,117,2.72,112,112,112,9,2,84,28,0,0
16592,337,337,337,3.84,333,333,333,18,2,302,31,0,0
16593,255,185,127,3.91,85,48,42,20,4,59,22,4,0
16600,111,111,111,2.56,186,186,186,9,1,168,18,0,0
16607,404,404,404,0.31,113,113,113,7,43,96,16,1,0
16609,557,557,557,4.73,255,255,255,35,4,180,68,7,2
16612,280,280,280,3.74,135,135,135,18,3,72,61,2,0
16618,728,728,728,4.33,396,396,396,35,4,348,26,22,1
16621,162,162,162,1.58,47,47,47,5,5,36,0,11,0
16626,189,189,189,0.84,302,302,302,3,3,300,0,2,0
16628,360,360,360,4.02,162,162,162,21,2,102,60,0,1
16633,447,447,447,4.23,177,177,177,26,4,108,63,6,1
16637,303,303,303,2.99,140,140,140,16,7,84,50,6,0
16638,50,50,50,1.0,24,24,24,2,2,0,24,0,0
16639,308,308,308,3.5,112,112,112,14,4,42,68,2,1
16652,3,25,1,-0.0,0,2,0,1,11,0,0,0,2
16654,227,227,227,2.71,63,63,63,9,6,24,34,5,0
16655,418,418,418,3.72,139,139,139,19,4,94,31,14,2
16656,428,428,428,1.84,396,396,396,4,1,300,96,0,2
16657,242,242,242,5.43,463,463,463,65,2,444,18,1,0
16660,282,282,282,1.88,132,132,132,4,1,36,96,0,1
16668,50,50,50,1.52,84,84,84,3,0,84,0,0,0
16669,729,729,729,5.66,481,481,481,75,3,333,139,9,1
16670,403,403,403,4.33,256,256,256,29,3,199,56,1,1
16671,156,156,156,0.69,75,75,75,2,3,60,15,0,2
16672,608,608,608,3.19,222,222,222,10,3,12,210,0,1
16676,329,329,329,3.91,134,134,134,19,4,60,70,4,1
16678,312,312,312,3.73,182,182,182,18,2,140,38,4,0
16681,301,301,301,3.08,246,246,246,12,2,178,68,0,0
16682,100,100,100,1.91,48,48,48,4,2,24,24,0,0
16684,436,436,436,2.65,202,202,202,8,3,96,106,0,2
16686,364,364,364,5.89,319,319,319,79,3,256,59,4,1
16688,145,145,145,2.47,52,52,52,6,2,10,42,0,1
16696,35,35,35,1.0,12,12,12,2,2,0,12,0,0
16700,336,336,336,3.42,238,238,238,14,2,176,62,0,1
16701,476,476,476,2.96,366,366,366,11,2,290,76,0,1
16705,920,920,920,3.11,632,632,632,12,2,528,104,0,2
16706,120,120,120,4.22,55,55,55,33,3,38,14,3,0
16709,1120,1120,1120,4.5,363,363,363,31,5,172,159,32,2
16710,375,375,375,5.38,197,197,197,53,2,109,88,0,0
16711,509,295,254,2.01,380,344,190,6,1,344,36,0,1
16712,168,168,168,3.57,145,145,145,14,1,142,3,0,1
16713,414,414,414,5.58,189,189,189,60,3,118,67,4,1
16714,1136,1136,1136,4.19,608,608,608,75,9,461,145,2,1
16717,307,307,307,3.8,75,75,75,15,5,0,73,2,2
16719,430,430,430,5.08,146,146,146,44,4,63,71,12,0
16722,480,480,480,3.66,278,278,278,16,1,136,142,0,1
16725,122,122,122,4.01,64,64,64,25,3,47,16,1,0
16726,129,129,129,4.11,57,57,57,20,2,17,40,0,0
16728,224,224,224,5.59,160,160,160,65,2,118,40,2,0
16729,346,346,346,4.53,300,300,300,28,2,254,46,0,1
16730,187,187,187,3.46,445,445,445,14,0,445,0,0,0
16734,303,303,303,4.21,108,108,108,26,5,72,28,8,0
16735,770,770,770,4.65,621,621,621,34,2,520,101,0,1
16743,430,430,430,4.8,338,338,338,30,1,268,70,0,1
16744,161,161,161,4.7,98,98,98,37,2,81,16,1,0
16745,239,239,239,5.16,172,172,172,44,2,136,36,0,1
16746,311,311,311,3.03,236,236,236,11,2,146,90,0,1
16748,339,339,339,3.98,198,198,198,16,1,108,90,0,1
16750,118,118,118,2.59,18,18,18,10,9,0,14,4,0
16755,316,316,316,3.51,193,193,193,16,3,131,58,4,1
16759,370,370,370,3.98,314,314,314,19,1,280,34,0,0
16762,314,314,314,3.39,143,143,143,13,3,96,45,2,1
16764,260,260,260,5.19,111,111,111,50,3,60,47,4,0
16767,1866,1866,1866,4.98,1223,1223,1223,50,2,911,280,32,1
16768,183,183,183,4.21,47,47,47,23,5,22,19,6,0
16770,130,130,130,2.53,56,56,56,6,2,0,56,0,0
16771,654,654,654,5.6,396,396,396,70,3,285,102,9,1
16774,119,119,119,3.76,96,96,96,16,1,81,15,0,0
16775,231,231,231,4.06,62,62,62,18,3,12,50,0,0
16779,356,356,356,2.81,133,133,133,9,3,36,96,1,1
16782,371,371,371,5.23,89,89,89,46,5,10,61,18,0
16790,664,664,664,5.08,321,321,321,40,2,166,155,0,0
16791,151,151,151,4.42,74,74,74,31,4,56,15,3,0
16794,3,3,3,0.8,3,3,3,2,1,2,1,0,0
16801,513,513,513,3.73,271,271,271,17,2,167,104,0,1
16804,118,118,118,3.79,34,34,34,19,4,8,22,4,0
16806,173,173,173,3.11,80,80,80,15,5,60,17,3,0
16807,371,371,371,3.76,311,311,311,22,2,256,43,12,1
16809,214,214,214,5.22,166,166,166,46,1,136,30,0,0
16813,110,110,110,4.6,66,66,66,33,2,39,27,0,0
16814,273,273,273,3.6,107,107,107,15,3,60,47,0,1
16816,75,75,75,2.26,48,48,48,5,1,36,12,0,0
16817,244,244,244,3.05,164,164,164,10,2,120,44,0,0
16818,421,421,421,4.27,253,253,253,24,2,194,59,0,1
16832,77,77,77,2.25,8,8,8,5,11,0,4,4,0
16833,344,344,344,3.54,134,134,134,13,3,37,97,0,0
16837,195,195,195,1.0,18,18,18,2,10,0,0,18,0
16839,552,552,552,1.78,232,232,232,5,4,144,72,16,1
16841,317,317,317,4.26,230,230,230,22,1,168,62,0,1
16842,346,346,346,3.48,179,179,179,16,3,139,32,8,1
16843,759,759,759,4.04,534,534,534,19,2,408,126,0,2
16851,102,102,102,2.32,81,81,81,6,2,54,27,0,0
16866,108,108,108,1.87,21,21,21,5,3,11,0,10,0
16869,233,233,233,4.52,170,170,170,36,3,143,24,3,0
16871,535,535,535,4.5,256,256,256,32,4,148,100,8,1
16872,388,388,388,1.58,382,382,382,3,0,382,0,0,0
16873,2157,2157,2157,3.99,1040,1040,1040,68,11,768,246,26,2
16875,398,398,398,3.86,233,233,233,22,2,182,43,8,1
16877,77,77,77,3.86,35,35,35,25,3,28,6,1,0
16880,252,252,252,4.04,127,127,127,23,3,100,11,16,0
16882,499,489,249,4.01,324,322,162,25,3,272,38,14,0
16885,190,190,190,4.51,37,37,37,27,5,5,25,7,0
16889,350,350,350,4.33,250,250,250,30,2,202,43,5,1
16891,232,232,232,5.68,92,92,92,63,3,38,52,2,0
16892,134,123,67,3.72,39,35,19,21,5,15,20,4,0
16898,116,116,116,4.24,98,98,98,29,3,88,8,2,0
16899,170,170,170,3.53,75,75,75,16,2,50,25,0,0
16900,752,752,752,5.74,496,496,496,69,2,367,124,5,0
16904,322,322,322,4.8,137,137,137,30,3,9,128,0,0
16905,254,254,254,2.99,108,108,108,10,3,34,72,2,1
16906,114,114,114,4.1,45,45,45,21,3,21,23,1,0
16907,182,182,182,4.82,68,68,68,33,3,14,54,0,0
16910,186,186,186,5.86,147,147,147,90,1,123,20,4,0
16912,377,377,377,3.29,117,117,117,13,5,73,30,14,0
16915,54,54,54,1.49,18,18,18,3,3,0,18,0,0
16918,275,275,275,4.22,173,173,173,31,3,126,41,6,0
16919,198,198,198,4.08,73,73,73,22,2,27,46,0,0
16923,550,550,550,5.13,218,218,218,47,4,107,104,7,1
16924,252,252,252,4.05,84,84,84,24,2,52,16,16,0
16927,218,218,218,0.73,490,490,490,2,1,490,0,0,0
16928,116,116,116,2.58,93,93,93,6,1,93,0,0,0
16929,105,105,105,2.71,66,66,66,8,2,36,30,0,0
16930,195,195,195,4.29,185,185,185,28,1,145,40,0,0
16931,152,152,152,5.19,82,82,82,40,2,41,41,0,0
16938,325,325,325,4.05,215,215,215,21,2,160,55,0,2
16940,757,757,757,5.96,549,549,549,82,2,418,131,0,2
16942,330,330,330,5.32,107,107,107,51,4,42,60,5,0
16943,451,451,451,4.16,97,97,97,21,6,24,60,13,0
16945,279,279,279,4.01,157,157,157,19,2,62,95,0,0
16948,69,69,69,2.31,96,96,96,5,0,96,0,0,0
16949,74,74,74,1.78,46,46,46,5,3,44,2,0,0
16950,172,172,172,1.26,32,32,32,3,7,0,28,4,1
16951,208,208,208,3.6,240,240,240,15,1,216,24,0,1
16954,346,346,346,2.91,194,194,194,12,4,120,68,6,0
16955,156,156,156,2.0,80,80,80,6,6,68,8,4,0
16960,201,201,201,5.19,95,95,95,45,3,50,43,2,0
16966,385,385,385,1.58,276,276,276,3,1,276,0,0,1
16969,397,397,397,4.12,388,388,388,27,2,348,39,1,0
16979,347,347,347,2.94,93,93,93,11,4,48,26,19,1
16983,163,163,163,2.87,107,107,107,9,2,73,34,0,0
16985,933,933,933,3.85,367,367,367,18,3,137,226,4,1
16987,213,213,213,3.98,47,47,47,22,7,24,19,4,0
16989,72,39,36,-0.0,44,24,22,1,1,44,0,0,0
16992,301,301,301,3.67,274,274,274,19,2,230,40,4,1
16996,97,97,97,1.54,40,40,40,3,2,16,24,0,0
16997,390,390,390,2.0,200,200,200,4,1,0,200,0,0
16998,197,189,98,-0.0,50,48,25,1,3,0,50,0,0
17001,397,397,397,3.13,260,260,260,12,2,152,108,0,1
17002,513,513,513,3.5,266,266,266,17,4,196,58,12,1
17006,232,232,232,2.98,84,84,84,9,2,22,62,0,0
17007,72,72,72,1.64,32,32,32,4,3,12,20,0,0
17014,231,231,231,3.72,127,127,127,15,2,89,38,0,0
17015,524,524,524,6.24,549,549,549,116,2,495,50,4,2
17017,780,780,780,4.16,600,600,600,21,1,484,116,0,1
17019,358,358,358,5.06,223,223,223,48,2,136,83,4,1
17024,56,31,28,-0.0,45,25,22,1,1,45,0,0,0
17025,143,143,143,1.96,136,136,136,4,0,136,0,0,0
17027,13,13,13,0.81,6,6,6,2,3,5,1,0,0
17033,307,307,307,2.59,124,124,124,8,3,84,40,0,1
17034,141,141,141,1.94,98,98,98,6,3,96,0,2,0
17041,304,304,304,3.74,190,190,190,17,2,124,66,0,1
17042,222,222,222,3.38,120,120,120,13,2,76,42,2,0
17043,174,174,174,2.8,162,162,162,12,2,150,10,2,1
17045,148,108,74,1.6,35,34,17,6,10,23,7,5,0
17047,439,439,439,4.13,207,207,207,24,3,80,124,3,1
17048,501,501,501,4.23,281,281,281,23,2,190,91,0,1
17049,694,694,694,5.01,291,291,291,41,4,142,147,2,2
17050,131,131,131,3.77,69,69,69,18,2,49,19,1,1
17054,298,298,298,3.36,78,78,78,16,7,28,42,8,0
17058,582,582,582,4.55,351,351,351,35,4,295,49,7,1
17059,722,722,722,6.36,471,471,471,115,3,326,140,5,2
17061,1701,1701,1701,4.34,522,522,522,28,5,182,303,37,1
17062,179,179,179,3.98,163,163,163,26,3,143,17,3,0
17063,187,187,187,3.37,73,73,73,11,3,0,73,0,0
17064,147,147,147,4.09,74,74,74,21,3,40,33,1,0
17068,166,166,166,4.45,80,80,80,24,2,43,37,0,0
17069,277,277,277,3.23,103,103,103,11,3,36,67,0,1
17071,308,308,308,3.66,150,150,150,17,2,96,54,0,0
17073,453,453,453,5.34,307,307,307,56,3,232,67,8,1
17075,188,188,188,3.87,76,76,76,18,3,38,34,4,0
17076,151,151,151,2.23,58,58,58,7,4,48,8,2,0
17083,304,304,304,3.41,190,190,190,14,3,176,14,0,1
17085,452,452,452,5.47,228,228,228,53,3,122,105,1,1
17086,444,444,444,3.9,468,468,468,30,3,394,70,4,1
17088,1015,1015,1015,5.46,355,355,355,55,4,172,161,22,1
17090,61,61,61,1.0,24,24,24,2,2,0,24,0,0
17091,293,293,293,3.61,101,101,101,13,3,0,101,0,1
17092,498,498,498,4.9,282,282,282,35,2,170,112,0,1
17095,230,230,230,3.92,91,91,91,18,4,48,42,1,1
17096,133,133,133,2.7,115,115,115,9,2,104,11,0,0
17097,174,174,174,4.48,67,67,67,40,4,42,21,4,0
17101,230,230,230,3.59,158,158,158,17,2,106,50,2,1
17107,2423,2423,2423,6.21,1025,1025,1025,103,3,633,384,8,2
17109,400,400,400,5.25,227,227,227,46,2,171,56,0,0
17114,127,127,127,4.09,22,22,22,19,6,2,16,4,0
17115,224,224,224,2.34,112,112,112,7,2,60,40,12,0
17126,212,212,212,5.23,88,88,88,50,3,51,35,2,0
17131,1067,1067,1067,5.31,418,418,418,52,3,204,194,20,1
17133,1437,1437,1437,2.26,728,728,728,5,1,264,464,0,2
17135,215,215,215,2.97,222,222,222,9,1,216,6,0,0
17139,639,639,639,4.39,288,288,288,26,3,126,160,2,2
17146,298,298,298,3.74,91,91,91,16,5,48,37,6,0
17147,409,409,409,3.58,250,250,250,18,3,198,46,6,1
17152,315,315,315,2.6,206,206,206,8,3,168,38,0,2
17158,413,413,413,4.11,251,251,251,25,3,226,23,2,1
17159,528,528,528,4.3,305,305,305,30,3,240,58,7,1
17160,471,471,471,4.83,360,360,360,31,1,278,82,0,2
17162,233,233,233,2.9,135,135,135,11,5,128,4,3,0
17164,381,381,381,3.83,218,218,218,20,3,142,72,4,1
17173,557,557,557,3.78,200,200,200,15,2,60,140,0,1
17175,519,519,519,4.47,332,332,332,27,2,248,84,0,1
17179,243,243,243,4.16,98,98,98,20,2,29,69,0,0
17180,247,247,247,5.0,171,171,171,53,3,154,12,5,0
17183,713,713,713,3.23,192,192,192,12,4,0,190,2,1
17188,513,513,513,1.92,174,174,174,6,3,86,72,16,1
17191,422,422,422,5.25,261,261,261,49,3,177,82,2,1
17193,16,16,16,0.92,14,14,14,2,1,14,0,0,0
17198,272,272,272,5.1,124,124,124,52,4,83,36,5,0
17203,464,464,464,3.91,328,328,328,16,2,281,47,0,2
17204,788,788,788,4.45,389,389,389,32,4,272,111,6,1
17211,273,273,273,4.75,204,204,204,33,2,155,49,0,0
17213,312,312,312,3.73,92,92,92,15,4,24,68,0,1
17214,171,171,171,3.55,43,43,43,14,5,10,30,3,0
17218,292,292,292,5.13,131,131,131,48,3,74,51,6,0
17220,317,317,317,4.71,83,83,83,31,4,15,65,3,0
17227,142,142,142,3.1,92,92,92,10,1,56,36,0,0
17228,183,183,183,4.09,122,122,122,18,1,59,63,0,0
17230,1761,1761,1761,4.08,894,894,894,22,3,594,276,24,1
17231,232,232,232,5.05,116,116,116,50,3,87,26,3,1
17236,126,126,126,3.0,67,67,67,9,2,56,11,0,0
17238,254,254,254,4.89,100,100,100,38,3,45,49,6,0
17243,256,256,256,3.33,92,92,92,11,3,14,78,0,1
17262,268,268,268,1.0,74,74,74,2,3,0,74,0,0
17266,176,176,176,4.93,121,121,121,38,2,89,31,1,0
17268,590,452,295,1.56,624,432,312,3,0,624,0,0,0
17272,657,657,657,4.75,664,664,664,41,2,600,60,4,1
17282,687,687,687,2.1,916,916,916,5,0,916,0,0,2
17284,212,212,212,4.94,202,202,202,41,1,172,30,0,0
17287,113,113,113,3.23,46,46,46,13,3,32,11,3,0
17288,133,133,133,2.67,156,156,156,7,0,156,0,0,0
17289,438,438,438,5.23,248,248,248,49,2,159,87,2,1
17293,346,346,346,3.27,208,208,208,14,3,173,30,5,0
17295,279,279,279,4.34,170,170,170,29,3,121,45,4,0
17299,151,151,151,3.84,228,228,228,18,1,220,8,0,0
17302,120,120,120,4.33,91,91,91,24,1,65,26,0,0
17306,900,576,450,2.38,2142,1296,1071,6,1,2106,36,0,1
17312,145,145,145,3.09,178,178,178,10,1,158,20,0,0
17314,362,362,362,4.0,256,256,256,21,2,180,76,0,1
17315,108,108,108,4.43,60,60,60,27,2,46,14,0,0
17317,572,534,286,1.0,540,504,270,2,1,540,0,0,2
17320,450,450,450,4.02,210,210,210,22,3,128,82,0,1
17323,141,141,141,4.68,119,119,119,31,2,103,16,0,0
17324,127,127,127,2.14,51,51,51,6,2,23,28,0,0
17337,1026,1026,1026,7.3,703,703,703,230,3,547,144,12,1
17338,767,767,767,5.49,336,336,336,55,2,153,181,2,2
17340,2671,2671,2671,6.03,1665,1665,1665,86,3,1179,476,10,2
17341,513,513,513,6.63,291,291,291,127,3,186,103,2,0
17345,82,82,82,3.15,46,46,46,11,2,26,20,0,0
17346,146,146,146,4.46,88,88,88,29,2,61,26,1,0
17348,160,160,160,4.44,199,199,199,36,2,191,6,2,0
17350,322,322,322,2.41,110,110,110,6,3,48,62,0,1
17351,159,159,159,2.81,21,21,21,8,3,2,0,19,0
17360,330,330,330,5.41,167,167,167,53,3,103,62,2,0
17361,263,218,131,3.65,63,51,31,16,5,14,46,3,0
17364,271,271,271,4.08,137,137,137,20,2,81,56,0,1
17365,543,543,543,5.42,785,785,785,63,2,738,42,5,2
17368,130,130,130,2.86,155,155,155,8,0,155,0,0,0
17370,110,110,110,2.98,78,78,78,8,1,66,12,0,0
17371,97,97,97,2.27,40,40,40,7,5,32,7,1,0
17372,172,172,172,5.12,128,128,128,44,1,102,26,0,0
17373,145,145,145,3.73,89,89,89,17,2,72,17,0,0
17375,109,109,109,3.83,69,69,69,21,3,56,12,1,0
17377,223,223,223,3.53,102,102,102,15,2,58,44,0,0
17381,1036,824,518,2.35,1424,1296,712,6,0,1424,0,0,2
17386,152,152,152,1.0,144,144,144,2,1,144,0,0,1
17388,571,381,285,3.01,419,360,209,12,5,386,29,4,1
17389,307,307,307,2.62,84,84,84,9,3,36,36,12,2
17396,397,397,397,1.58,106,106,106,3,3,0,106,0,2
17398,305,305,305,3.76,182,182,182,19,3,152,25,5,0
17400,424,424,424,4.89,250,250,250,37,3,169,77,4,1
17402,459,271,229,4.16,120,80,60,24,4,15,95,10,0
17404,3834,2646,1917,4.14,3954,3714,1977,26,1,3672,282,0,2
17405,148,148,148,2.78,164,164,164,14,2,148,12,4,1
17406,702,702,702,3.95,270,270,270,19,2,60,194,16,2
17410,109,109,109,2.55,114,114,114,8,1,96,18,0,0
17411,285,285,285,3.61,126,126,126,16,4,80,36,10,0
17412,197,197,197,2.83,50,50,50,8,5,22,24,4,0
17416,2114,2114,2114,6.17,1345,1345,1345,98,3,970,369,6,2
17419,356,356,356,3.52,191,191,191,18,4,152,32,7,1
17420,130,130,130,2.07,53,53,53,7,5,34,16,3,0
17422,321,321,321,3.7,219,219,219,17,1,192,27,0,1
17426,634,634,634,4.83,447,447,447,37,2,322,122,3,2
17428,353,353,353,2.91,148,148,148,9,3,44,104,0,2
17429,148,148,148,2.61,290,290,290,11,1,272,18,0,0
17434,313,313,313,3.88,214,214,214,18,2,144,70,0,1
17440,117,117,117,0.99,144,144,144,2,0,144,0,0,0
17442,440,440,440,4.28,302,302,302,28,3,219,77,6,1
17444,1171,1171,1171,5.15,1092,1092,1092,57,3,958,121,13,2
17449,684,684,684,5.88,264,264,264,73,3,133,126,5,1
17451,294,294,294,3.45,154,154,154,13,2,76,78,0,0
17454,165,165,165,2.77,59,59,59,9,4,32,22,5,0
17457,313,313,313,0.97,114,114,114,2,3,0,114,0,1
17460,70,50,35,0.67,26,24,13,2,6,0,24,2,0
17461,382,382,382,4.82,435,435,435,47,2,399,35,1,0
17463,709,709,709,6.0,417,417,417,87,3,308,102,7,1
17469,440,440,440,4.27,189,189,189,23,3,46,139,4,1
17470,178,178,178,3.04,112,112,112,11,2,84,28,0,0
17472,259,259,259,5.37,169,169,169,60,2,133,33,3,0
17481,405,405,405,3.86,510,510,510,23,3,456,50,4,1
17483,139,139,139,2.46,93,93,93,8,2,73,18,2,0
17490,306,306,306,2.61,204,204,204,8,3,192,10,2,1
17491,327,327,327,2.07,268,268,268,5,1,256,12,0,1
17500,288,288,288,0.8,7,7,7,3,46,0,0,7,1
17502,226,226,226,3.25,94,94,94,11,3,48,46,0,0
17504,441,441,441,4.24,233,233,233,27,3,186,42,5,1
17509,313,313,313,4.17,306,306,306,21,1,264,42,0,2
17512,77,77,77,2.58,62,62,62,6,1,62,0,0,0
17515,231,231,231,4.26,93,93,93,31,5,63,23,7,0
17516,321,321,321,5.29,211,211,211,60,3,144,65,2,0
17519,335,335,335,3.83,184,184,184,18,3,146,32,6,1
17521,338,338,338,4.1,217,217,217,23,3,190,25,2,0
17522,147,147,147,2.43,120,120,120,10,2,110,8,2,0
17523,188,188,188,3.84,97,97,97,21,3,63,32,2,0
17526,226,226,226,2.11,40,40,40,5,5,0,28,12,1
17527,292,292,292,2.55,57,57,57,7,6,24,16,17,0
17528,200,200,200,3.14,198,198,198,14,3,156,42,0,1
17530,300,300,300,5.28,194,194,194,65,3,145,48,1,0
17545,344,344,344,5.86,214,214,214,86,2,141,69,4,0
17550,100,100,100,2.37,22,22,22,9,4,11,7,4,0
17552,263,263,263,3.19,130,130,130,11,3,86,44,0,0
17554,772,772,772,4.98,747,747,747,49,3,644,87,16,1
17557,288,288,288,3.92,147,147,147,20,2,84,63,0,0
17560,162,162,162,1.71,142,142,142,4,1,112,30,0,0
17562,109,109,109,2.18,90,90,90,6,2,60,30,0,0
17564,119,119,119,3.84,30,30,30,16,4,0,28,2,0
17567,517,517,517,4.21,244,244,244,27,4,202,25,17,1
17571,284,284,284,4.9,178,178,178,42,3,130,45,3,1
17572,70,70,70,2.0,24,24,24,4,2,0,24,0,0
17573,174,174,174,3.08,177,177,177,11,1,164,13,0,0
17576,119,119,119,3.26,57,57,57,12,2,31,26,0,0
17579,178,178,178,4.55,128,128,128,31,2,103,24,1,0
17580,46,46,46,1.58,11,11,11,3,4,0,11,0,0
17581,668,668,668,4.44,375,375,375,31,3,264,105,6,1
17585,103,103,103,4.96,82,82,82,42,2,71,11,0,0
17588,397,397,397,3.31,56,56,56,10,7,0,52,4,1
17589,590,590,590,5.82,446,446,446,70,2,347,99,0,2
17590,305,305,305,3.44,143,143,143,15,3,94,42,7,1
17591,406,406,406,5.64,133,133,133,67,4,61,58,14,1
17593,662,662,662,4.32,374,374,374,26,3,280,94,0,2
17596,392,392,392,5.27,530,530,530,56,3,497,32,1,1
17602,767,767,767,6.3,799,799,799,101,2,696,103,0,2
17609,430,430,430,6.1,225,225,225,89,3,134,86,5,0
17611,244,244,244,4.94,129,129,129,44,3,98,29,2,0
17612,305,305,305,3.81,178,178,178,18,3,114,64,0,1
17613,239,239,239,3.05,71,71,71,10,4,12,49,10,1
17615,153,153,153,1.95,69,69,69,5,4,10,57,2,0
17616,408,326,204,-0.0,160,128,80,1,2,0,160,0,0
17618,320,320,320,4.86,161,161,161,41,3,116,41,4,1
17621,239,239,239,2.0,92,92,92,4,2,0,92,0,1
17625,549,549,549,6.08,382,382,382,89,2,317,65,0,1
17629,238,238,238,2.81,115,115,115,11,4,70,44,1,0
17631,302,302,302,4.0,92,92,92,21,5,30,55,7,0
17633,320,320,320,3.84,146,146,146,17,3,58,88,0,1
17634,133,133,133,4.53,104,104,104,31,1,86,18,0,0
17644,312,312,312,3.57,145,145,145,14,2,54,91,0,0
17646,251,251,251,2.76,110,110,110,9,3,72,32,6,1
17648,583,583,583,4.93,169,169,169,36,5,52,108,9,1
17651,915,915,915,5.45,1261,1261,1261,58,1,1114,147,0,1
17652,811,811,811,5.13,388,388,388,49,4,258,120,10,1
17653,180,180,180,1.5,390,390,390,5,4,380,8,2,1
17655,676,676,676,2.7,274,274,274,9,4,170,86,18,1
17656,341,341,341,3.72,152,152,152,18,4,96,52,4,1
17659,247,247,247,3.25,64,64,64,12,7,12,48,4,0
17663,211,211,211,2.83,103,103,103,9,3,40,61,2,0
17667,394,394,394,3.88,182,182,182,21,4,120,55,7,1
17669,475,475,475,2.76,234,234,234,7,2,24,210,0,1
17671,394,394,394,3.91,190,190,190,17,2,108,82,0,1
17673,402,402,402,5.21,453,453,453,44,1,407,46,0,0
17675,617,617,617,3.44,236,236,236,12,3,72,164,0,2
17676,300,300,300,3.73,158,158,158,15,2,80,78,0,0
17677,922,922,922,3.76,700,700,700,20,2,536,160,4,1
17682,391,391,391,4.07,210,210,210,18,2,158,52,0,1
17685,452,452,452,3.21,331,331,331,12,1,277,54,0,1
17686,629,629,629,4.85,295,295,295,34,3,94,195,6,2
17690,279,279,279,2.94,104,104,104,8,3,0,104,0,1
17692,343,343,343,4.09,384,384,384,25,2,357,27,0,0
17696,157,157,157,2.22,82,82,82,6,3,72,10,0,0
17700,602,602,602,4.59,319,319,319,36,4,210,107,2,2
17702,439,439,439,4.46,484,484,484,30,1,380,104,0,1
17703,307,307,307,3.96,214,214,214,19,2,132,82,0,0
17705,114,114,114,2.9,76,76,76,8,1,70,6,0,0
17706,439,287,219,4.28,209,144,104,26,4,104,101,4,2
17716,665,665,665,4.79,435,435,435,42,3,376,54,5,1
17719,305,305,305,3.81,115,115,115,17,4,72,31,12,1
17720,532,430,266,3.45,202,178,101,16,6,128,69,5,1
17722,910,910,910,4.65,525,525,525,45,4,393,115,17,2
17723,1037,622,518,-0.0,250,150,125,1,4,0,250,0,1
17724,373,373,373,3.33,78,78,78,11,5,0,74,4,1
17725,337,337,337,3.62,173,173,173,18,4,108,64,1,1
17728,1943,1943,1943,6.26,1019,1019,1019,113,4,604,397,18,2
17730,311,311,311,3.61,262,262,262,17,2,230,32,0,1
17731,301,301,301,3.84,169,169,169,17,2,136,33,0,1
17734,112,112,112,2.53,66,66,66,9,2,48,12,6,0
17735,454,454,454,4.3,218,218,218,22,2,112,106,0,2
17736,307,307,307,3.68,213,213,213,23,4,192,9,12,0
17738,779,779,779,4.93,292,292,292,41,4,162,113,17,1
17739,360,360,360,2.29,90,90,90,5,3,0,90,0,1
17744,377,377,377,3.82,544,544,544,19,1,516,28,0,1
17750,191,191,191,4.21,478,478,478,19,0,478,0,0,0
17754,621,621,621,4.01,410,410,410,22,1,314,96,0,1
17757,143,143,143,4.06,80,80,80,23,3,55,24,1,0
17758,583,583,583,5.72,407,407,407,65,2,292,115,0,1
17759,145,145,145,3.46,72,72,72,16,4,58,12,2,0
17765,121,121,121,3.85,44,44,44,19,4,28,12,4,0
17768,861,861,861,4.15,379,379,379,21,2,170,209,0,2
17769,376,376,376,4.54,200,200,200,32,2,142,56,2,1
17770,603,603,603,3.73,231,231,231,21,3,170,32,29,0
17774,375,375,375,4.86,123,123,123,40,5,49,65,9,1
17777,194,194,194,5.6,163,163,163,63,1,138,25,0,0
17779,323,323,323,4.45,248,248,248,34,3,224,21,3,0
17787,736,736,736,4.42,356,356,356,30,4,235,112,9,1
17790,127,127,127,2.8,56,56,56,10,3,32,22,2,0
17796,114,114,114,4.07,28,28,28,19,4,4,23,1,0
17797,272,272,272,4.78,249,249,249,44,4,214,31,4,0
17799,223,223,223,4.71,133,133,133,30,2,81,52,0,1
17800,124,124,124,4.18,81,81,81,20,1,56,25,0,0
17802,100,100,100,3.49,75,75,75,12,1,43,32,0,1
17809,459,425,229,0.82,124,100,62,2,2,24,100,0,1
17811,122,122,122,2.29,53,53,53,7,4,38,14,1,0
17812,217,217,217,4.35,144,144,144,27,3,125,18,1,0
17813,215,215,215,4.68,70,70,70,36,4,30,33,7,1
17816,16,16,16,3.06,16,16,16,10,1,14,2,0,0
17817,117,117,117,3.72,41,41,41,20,3,15,22,4,0
17819,591,591,591,2.95,239,239,239,12,2,52,171,16,1
17827,115,115,115,2.62,40,40,40,9,3,13,25,2,1
17828,863,833,431,4.63,402,378,201,45,5,286,106,10,1
17830,188,188,188,3.24,48,48,48,11,5,12,32,4,0
17835,114,114,114,3.83,65,65,65,19,2,32,33,0,0
17837,250,250,250,4.94,105,105,105,37,3,42,62,1,0
17838,717,717,717,4.31,472,472,472,29,3,330,138,4,1
17841,537,537,537,5.61,199,199,199,62,4,96,100,3,1
17848,97,97,97,1.93,22,22,22,5,6,0,18,4,0
17849,151,151,151,1.59,45,45,45,7,8,39,4,2,0
17850,139,139,139,2.7,40,40,40,7,4,0,40,0,0
17856,482,482,482,1.79,347,347,347,5,4,288,58,1,1
17857,1335,1335,1335,1.81,2154,2154,2154,4,0,2154,0,0,2
17858,251,251,251,3.01,87,87,87,17,8,45,38,4,1
17861,241,241,241,2.62,102,102,102,8,4,53,39,10,0
17863,384,384,384,4.2,276,276,276,21,1,214,62,0,1
17864,208,208,208,4.23,383,383,383,29,1,349,34,0,0
17865,756,756,756,4.96,387,387,387,36,2,180,207,0,1
17867,12,25,6,-0.0,1,2,0,1,12,0,0,1,0
17869,214,214,214,3.35,67,67,67,16,6,19,46,2,0
17870,591,326,295,4.57,407,279,203,45,2,244,162,1,0
17873,215,215,215,2.33,129,129,129,7,2,108,21,0,1
17874,65,65,65,1.74,48,48,48,4,1,24,24,0,0
17883,184,184,184,4.7,177,177,177,44,2,150,25,2,0
17884,187,187,187,4.67,170,170,170,28,2,143,27,0,0
17886,223,223,223,3.48,93,93,93,15,4,21,69,3,1
17888,29,29,29,0.98,52,52,52,3,1,49,3,0,0
17892,142,142,142,4.19,69,69,69,26,3,52,14,3,0
17894,106,106,106,3.2,39,39,39,11,2,12,27,0,0
17897,165,165,165,4.67,72,72,72,31,3,38,33,1,0
17905,201,201,201,3.99,72,72,72,22,6,38,30,4,0
17912,95,95,95,3.29,57,57,57,14,4,43,12,2,0
17917,110,110,110,4.56,56,56,56,28,2,28,28,0,0
17920,514,514,514,5.51,220,220,220,54,3,132,84,4,0
17921,280,280,280,5.16,139,139,139,43,2,72,67,0,0
17924,279,279,279,1.0,60,60,60,2,4,0,60,0,1
17929,435,238,217,1.52,60,36,30,3,7,0,36,24,0
17930,426,426,426,2.93,252,252,252,10,1,132,120,0,1
17932,345,345,345,4.03,202,202,202,22,3,152,50,0,1
17937,1393,1393,1393,3.17,564,564,564,13,2,384,108,72,2
17940,162,162,162,1.58,648,648,648,3,0,648,0,0,1
17949,1794,1314,897,0.9,216,120,108,2,7,0,96,120,2
17950,190,190,190,4.32,129,129,129,26,2,90,36,3,0
17951,295,295,295,1.82,118,118,118,5,5,0,114,4,1
17954,108,108,108,3.36,60,60,60,14,2,38,20,2,0
17955,261,261,261,3.25,46,46,46,11,4,13,7,26,0
17961,127,127,127,4.49,45,45,45,28,4,22,20,3,0
17965,37,37,37,2.59,14,14,14,7,3,5,8,1,0
17966,504,504,504,2.81,1400,1400,1400,7,0,1400,0,0,0
17974,172,172,172,3.81,87,87,87,18,3,70,17,0,0
17975,314,314,314,2.83,86,86,86,8,3,12,74,0,1
17979,231,231,231,5.15,81,81,81,52,3,45,29,7,0
17980,295,295,295,3.47,235,235,235,15,2,209,25,1,0
17988,13,13,13,1.78,4,4,4,4,3,1,3,0,0
17990,168,168,168,2.69,72,72,72,7,3,36,36,0,0
17994,307,307,307,5.23,189,189,189,43,2,139,50,0,0
17997,269,269,269,4.62,189,189,189,39,1,150,33,6,0
18008,130,130,130,2.85,355,355,355,9,1,347,8,0,0
18016,156,156,156,3.99,65,65,65,19,3,35,30,0,0
18017,344,179,172,-0.0,200,100,100,1,1,100,100,0,0
18035,239,239,239,3.71,186,186,186,22,4,169,15,2,0
18036,151,151,151,4.94,80,80,80,34,2,48,32,0,0
18037,31,31,31,1.78,6,6,6,6,6,0,5,1,0
18041,193,193,193,3.47,159,159,159,14,2,146,13,0,0
18043,316,316,316,5.48,172,172,172,59,3,116,51,5,0
18044,74,74,74,1.95,53,53,53,6,2,51,2,0,0
18055,431,431,431,3.92,93,93,93,19,7,0,87,6,2
18059,124,124,124,1.8,104,104,104,6,2,72,32,0,0
18061,405,405,405,2.38,248,248,248,6,4,216,32,0,0
18062,316,316,316,3.43,172,172,172,15,4,132,33,7,0
18065,228,228,228,3.55,132,132,132,14,2,104,28,0,0
18069,297,297,297,5.89,162,162,162,72,2,118,42,2,1
18073,832,832,832,3.47,634,634,634,15,2,588,36,10,1
18075,198,198,198,2.98,117,117,117,12,3,84,29,4,0
18077,204,204,204,4.02,171,171,171,19,1,140,31,0,0
18079,1612,1612,1612,4.03,3843,3843,3843,28,1,3837,6,0,2
18081,135,135,135,1.72,140,140,140,7,3,134,4,2,0
18092,1485,1485,1485,3.04,532,532,532,10,4,144,372,16,2
18093,264,264,264,1.83,228,228,228,4,1,156,72,0,1
18094,504,504,504,3.52,264,264,264,16,2,132,132,0,1
18096,148,148,148,4.87,87,87,87,40,2,62,24,1,1
18097,182,182,182,2.48,256,256,256,7,0,204,52,0,1
18109,277,277,277,3.55,55,55,55,14,5,13,40,2,1
18116,139,139,139,4.68,73,73,73,36,3,40,32,1,0
18118,475,475,475,6.3,212,212,212,116,3,120,82,10,0
18122,441,441,441,5.74,351,351,351,75,2,274,77,0,1
18125,556,556,556,5.87,392,392,392,75,3,309,80,3,0
18127,139,139,139,2.78,28,28,28,8,7,0,24,4,0
18130,313,313,313,4.24,258,258,258,21,1,222,36,0,1
18135,147,147,147,0.78,48,48,48,2,2,18,30,0,0
18136,288,288,288,3.82,177,177,177,18,2,128,47,2,0
18139,461,461,461,3.85,404,404,404,18,1,340,64,0,2
18144,165,165,165,1.32,95,95,95,3,2,92,3,0,0
18145,609,609,609,5.04,567,567,567,42,2,512,55,0,2
18149,321,321,321,2.21,178,178,178,5,1,148,30,0,0
18150,227,227,227,3.51,140,140,140,14,2,108,32,0,0
18155,113,113,113,2.52,91,91,91,8,2,84,7,0,0
18161,244,244,244,3.06,109,109,109,12,4,84,20,5,1
18167,390,390,390,3.1,108,108,108,9,3,12,96,0,1
18168,263,263,263,4.22,133,133,133,26,4,103,19,11,0
18170,304,304,304,3.06,119,119,119,11,5,48,63,8,1
18171,309,309,309,2.61,111,111,111,8,6,84,20,7,0
18172,305,305,305,3.25,100,100,100,11,3,0,100,0,1
18173,423,423,423,2.45,156,156,156,6,2,24,132,0,1
18177,169,169,169,3.29,79,79,79,10,2,0,79,0,0
18178,300,300,300,3.9,105,105,105,16,3,36,69,0,1
18179,497,287,248,3.94,256,156,128,18,2,110,146,0,1
18180,310,310,310,3.92,267,267,267,22,2,222,45,0,1
18188,426,426,426,3.73,164,164,164,16,3,48,108,8,2
18198,303,303,303,2.55,180,180,180,8,3,144,34,2,1
18202,485,485,485,4.11,197,197,197,23,4,125,64,8,1
18204,549,549,549,5.9,392,392,392,84,3,333,57,2,2
18210,142,142,142,1.97,62,62,62,5,3,36,26,0,1
18211,137,137,137,2.59,56,56,56,8,4,36,18,2,0
18219,210,210,210,3.39,67,67,67,13,4,34,27,6,0
18221,171,171,171,3.06,148,148,148,11,1,136,12,0,0
18223,501,501,501,4.04,195,195,195,21,3,60,129,6,1
18225,30,30,30,0.81,16,16,16,2,2,12,4,0,1
18226,450,450,450,4.29,257,257,257,21,2,200,57,0,1
18229,344,344,344,2.47,44,44,44,7,9,0,28,16,1
18230,386,386,386,3.86,210,210,210,16,2,84,126,0,1
18231,291,291,291,3.22,180,180,180,10,1,108,72,0,1
18232,129,129,129,2.24,107,107,107,8,3,93,12,2,0
18235,430,430,430,4.33,332,332,332,29,2,292,40,0,2
18236,165,165,165,2.84,110,110,110,9,2,86,24,0,0
18237,135,135,135,2.75,72,72,72,10,4,64,7,1,0
18239,438,438,438,4.48,208,208,208,29,4,140,66,2,1
18241,143,143,143,2.33,102,102,102,7,3,72,30,0,0
18242,379,379,379,3.4,290,290,290,17,4,270,18,2,1
18245,365,365,365,4.37,297,297,297,27,2,250,47,0,1
18257,328,328,328,3.66,112,112,112,15,4,48,60,4,0
18259,376,376,376,2.73,116,116,116,7,3,0,116,0,2
18260,230,230,230,3.16,58,58,58,11,6,12,42,4,1
18263,307,307,307,3.59,328,328,328,15,1,316,12,0,1
18272,340,340,340,4.24,276,276,276,22,1,232,44,0,1
18273,153,102,76,-0.0,60,40,30,1,2,0,60,0,0
18283,106,106,106,5.3,67,67,67,44,2,46,21,0,0
18287,765,765,765,4.46,488,488,488,27,2,408,76,4,2
